incident_name,incident_is_final,incident_date_last_update,incident_date_created,incident_administrative_unit,incident_administrative_unit_url,incident_county,incident_location,incident_acres_burned,incident_containment,incident_control,incident_cooperating_agencies,incident_longitude,incident_latitude,incident_type,incident_id,incident_url,incident_date_extinguished,incident_dateonly_extinguished,incident_dateonly_created,is_active,calfire_incident,notification_desired
Erbes Fire,Y,2021-01-25T13:45:12Z,2021-01-14T16:00:00Z,Ventura County Fire Department,,Ventura,Erbes Road and Westland Place,250,100,,Ventura County Fire Department ,-118.83967,34.20955,Wildfire,2347b6fb-8468-46bb-9917-d5cea3f1efdd,https://osfm.fire.ca.gov/incidents/2021/1/14/erbes-fire/,2021-01-15T13:45:05Z,1/15/21,1/14/21,N,FALSE,FALSE
Manzanita Fire,Y,2021-01-20T15:25:41Z,2021-01-19T12:08:00Z,CAL FIRE Madera Mariposa Merced Unit,,Madera,"Manzanita Lake Drive and Road 222, North of North Fork",23,100,,,-119.51982,37.25086,Wildfire,68c11904-f38b-4aa0-ab90-b3c805c4e8cd,https://osfm.fire.ca.gov/incidents/2021/1/19/manzanita-fire/,,,1/19/21,N,TRUE,FALSE
Bonny Doone Complex (Previously Fanning Fire),Y,2021-01-21T18:38:20Z,2021-01-19T06:48:00Z,CAL FIRE San Mateo Santa Cruz Unit,,Santa Cruz,"Fanning Grade and Harmony Hill Road, East of Ben Lomond",20,100,,,-122.10509,37.08931,Wildfire,929a21bc-65a0-49b4-bc90-bfa5457987e4,https://osfm.fire.ca.gov/incidents/2021/1/19/bonny-doone-complex-previously-fanning-fire/,,,1/19/21,N,TRUE,FALSE
North Butano Fire,Y,2021-01-21T18:33:54Z,2021-01-18T21:00:00Z,CAL FIRE San Mateo Santa Cruz Unit,,San Mateo,"Off of Old Womans Creek Road , South of Loma Mar",15,100,,,-122.28823,37.18259,Wildfire,2657090b-ec47-4fbe-bc4e-400cd50a8d55,https://osfm.fire.ca.gov/incidents/2021/1/18/north-butano-fire/,,,1/18/21,N,TRUE,FALSE
China Grade Fire,Y,2021-02-18T14:11:18Z,2021-01-18T21:00:00Z,CAL FIRE San Mateo Santa Cruz Unit,,Santa Cruz,"China Grade Road and Foxglove Lane, Northwest of Boulder Creek",22,100,,,-122.1756,37.17749,,9b2b5a16-52cf-4f2e-bc8a-a3af75b28522,https://osfm.fire.ca.gov/incidents/2021/1/18/china-grade-fire/,,,1/18/21,N,TRUE,FALSE
Wolf Fire,Y,2021-02-18T14:10:35Z,2021-01-19T11:47:00Z,Kern County Fire Department,,Kern,Hwy 166 along the Wind Wolves Preserve,685,100,,Kern County Fire Department,-119.185309,34.99432,,75711186-5792-4c41-9309-48dbac8e667d,https://osfm.fire.ca.gov/incidents/2021/1/19/wolf-fire/,2021-01-20T07:12:18Z,1/20/21,1/19/21,N,TRUE,FALSE
72 Fire,Y,2021-01-25T13:47:05Z,2021-01-19T14:48:24Z,CAL FIRE/ Riverside County Fire Department,,Riverside,"Ave 72 and Pierce St, south of Oasis",43,100,,CAL FIRE/ Riverside County Fire Department,-116.10723,33.52871,Wildfire,b38fdc2c-3108-4273-8a67-8d69bdbfb6bb,https://osfm.fire.ca.gov/incidents/2021/1/19/72-fire/,2021-01-20T13:46:53Z,1/20/21,1/19/21,N,TRUE,FALSE
Towsley Fire,Y,2021-02-18T14:10:17Z,2021-01-19T15:04:08Z,Los Angeles County Fire Department,,Los Angeles,"Towsley Canyon Road and I-5, South of Santa Clarita",184,100,,Los Angeles County Fire Department ,-118.5553174,34.3585229,,79aca6f4-ee40-44e8-9dff-069c36c36fc1,https://osfm.fire.ca.gov/incidents/2021/1/19/towsley-fire/,2021-01-22T18:12:36Z,1/22/21,1/19/21,N,TRUE,FALSE
Panther Ridge Fire,Y,2021-02-19T11:21:26Z,2021-01-19T15:25:39Z,CAL FIRE San Mateo-Santa Cruz Unit,,Santa Cruz,"Stapp Rd and Hwy 9, north of Boulder Creek",20,100,,,-122.13372,37.18381,Wildfire,7be84564-edf7-4724-99ba-5c1ee7f86e30,https://osfm.fire.ca.gov/incidents/2021/1/19/panther-ridge-fire/,2021-01-22T18:02:12Z,1/22/21,1/19/21,N,TRUE,FALSE
Freedom Fire,Y,2021-03-02T20:32:36Z,2021-01-19T19:13:18Z,CAL FIRE San Mateo  Santa Cruz Unit,,Santa Cruz,"Freedom Boulevard and Hames Road, East of Aptos.",37,100,,,-121.83627,36.98767,Wildfire,1ebddf4e-0190-4363-a858-ac789206b5fd,https://osfm.fire.ca.gov/incidents/2021/1/19/freedom-fire/,2021-01-22T18:09:27Z,1/22/21,1/19/21,N,TRUE,FALSE
Grapevine Fire,Y,2021-03-24T10:03:09Z,2021-03-14T18:35:00Z,Bureau of Land Management,,Kern,"Grapevine Canyon & West of Hwy 395, Northwest of Ridgecrest",86,100,,Bureau of Land Management ,-117.5910734,35.58198161,Wildfire,21a360ea-3a4e-4267-986e-3bb1416ca05b,https://osfm.fire.ca.gov/incidents/2021/3/14/grapevine-fire/,2021-03-20T09:54:54Z,3/20/21,3/14/21,N,FALSE,FALSE
Refuge Fire,Y,2021-03-29T17:23:10Z,2021-03-27T17:02:04Z,CAL FIRE/Siskiyou unit,,Siskiyou,Lower Klamath Lake Rd and Dorris Brownell Rd,873,100,,,-121.627082,41.927772,Fire,762d7abb-ec4e-4e50-9137-617c8445b0d1,https://osfm.fire.ca.gov/incidents/2021/3/27/refuge-fire/,2021-03-29T17:21:30Z,3/29/21,3/27/21,N,TRUE,FALSE
Line Fire,Y,2021-03-31T19:09:07Z,2021-03-28T14:43:24Z,CAL FIRE Tuolumne-Calaveras Unit,,Tuolumne,"Shortline Rd and Hells Hollow Rd, East of Groveland",23,100,,,-120.131236,37.813464,Fire,0c3c5916-b391-4916-ad16-059c094da426,https://osfm.fire.ca.gov/incidents/2021/3/28/line-fire/,,,3/28/21,N,TRUE,FALSE
Woodman Fire,Y,2021-04-01T21:19:22Z,2021-04-01T15:56:00Z,CAL FIRE Shasta-Trinity Unit,,Shasta,"Oak Run Road and Snider Ranch Road, South West of Oak Run in Shasta County.",35,100,,,-122.0536419,40.6758842,Wildfire,da35c08b-9f0a-42b2-9e1f-b6e9a545d3fb,https://osfm.fire.ca.gov/incidents/2021/4/1/woodman-fire/,2021-04-01T21:19:17Z,4/1/21,4/1/21,N,TRUE,FALSE
Westwood Fire,Y,2021-04-05T17:25:05Z,2021-04-04T15:52:00Z,Ventura County Fire Department,,Ventura,Westwood Street and Cottonwood Drive in Simi Valley,25,100,,,-118.700095,34.30277328,Fire,1f31ac02-436e-4555-b7d1-32b636c11c17,https://osfm.fire.ca.gov/incidents/2021/4/4/westwood-fire/,2021-04-05T17:24:38Z,4/5/21,4/4/21,N,TRUE,FALSE
Paso Fire,Y,2021-04-13T18:48:26Z,2021-04-12T18:44:23Z,CAL FIRE San Diego Unit,,San Diego,"Lookout Road and Hwy 79, North of Cuyamaca Rancho State Park",28,100,,,-116.582369,32.958961,Wildfire,02ba1be4-fecc-49a6-927d-8da38d215851,https://osfm.fire.ca.gov/incidents/2021/4/12/paso-fire/,2021-04-13T18:00:00Z,4/13/21,4/12/21,N,FALSE,FALSE
Turnout Fire,Y,2021-04-25T02:09:40Z,2021-04-18T17:46:54Z,CAL FIRE Mendocino Unit,,Mendocino,Highway 253 and Boonville Rd,200,100,,,-123.35838,38.99914,Wildfire,6a7cee19-fc90-4f87-a306-48ccd9cee200,https://osfm.fire.ca.gov/incidents/2021/4/18/turnout-fire/,2021-04-24T19:04:15Z,4/24/21,4/18/21,N,TRUE,FALSE
River Fire,Y,2021-05-06T16:35:39Z,2021-04-19T20:29:35Z,Sutter County Fire Department,,Sutter,"Garden Hwy  and Star Bend Road, South of Yuba City",80,100,,Sutter County Fire Department ,-121.5896697,38.9743823,Wildfire,81d9dc1d-9cff-4a22-a6c6-2a4f94cf30ed,https://osfm.fire.ca.gov/incidents/2021/4/19/river-fire/,2021-05-01T09:35:18Z,5/1/21,4/19/21,N,FALSE,FALSE
Wolves Fire,Y,2021-04-23T01:08:52Z,2021-04-23T00:34:19Z,Kern County Fire Department,,Kern,"Dead end of Goldcrest St, south west of Bakersfield",50,100,,Kern County Fire Department,-1191414610,34.9471195,Wildfire,3093980c-b80f-4b7b-a040-d4fc868142ca,https://osfm.fire.ca.gov/incidents/2021/4/23/wolves-fire/,,,4/23/21,N,FALSE,FALSE
Luis Fire,Y,2021-04-25T02:01:24Z,2021-04-24T14:50:00Z,CAL FIRE MMU,,Merced,San Luis Reservoir near Santa Nella,93,100,,,-121.143154,37.0953436,Fire,92aa05b8-83d8-45ec-b079-86d7698086a5,https://osfm.fire.ca.gov/incidents/2021/4/24/luis-fire/,2021-04-24T19:01:18Z,4/24/21,4/24/21,N,TRUE,FALSE
North Fire,Y,2021-05-10T16:58:15Z,2021-04-28T23:04:57Z,Los Angeles County Fire Department,,Los Angeles,"West Live Oak Rd and Biscailuz Rd , Castaic",650,100,,Los Angeles County Fire Department,-118.616276,34.449686,Wildfire,4f4775e4-cd91-4f78-a1de-9c15213ebed2,https://osfm.fire.ca.gov/incidents/2021/4/28/north-fire/,2021-05-03T09:57:29Z,5/3/21,4/28/21,N,FALSE,FALSE
Sky Fire,Y,2021-05-02T00:34:13Z,2021-04-29T12:44:00Z,CAL FIRE Sonoma-Lake Napa Unit,,Lake,"Morgan Valley Road and Sloan Ranch Road, Southeast of Clearlake",65,100,,,-122.5177156,38.88437128,Wildfire,5f8ebcac-e1f0-4659-9f38-f3e862a3a440,https://osfm.fire.ca.gov/incidents/2021/4/29/sky-fire/,2021-05-01T17:32:27Z,5/1/21,4/29/21,N,TRUE,FALSE
Campo Fire,Y,2021-05-04T01:29:32Z,2021-04-29T23:18:41Z,CAL FIRE Tuolumne-Calaveras Unit,,Calaveras,"Buckboard Lane and Campo Seco Rd, Campo Seco, Valley Springs",160,100,,,-120.856628,38.223179,Wildfire,4567cb5b-ef86-4630-81ef-f442fc07dc3e,https://osfm.fire.ca.gov/incidents/2021/4/29/campo-fire/,,,4/29/21,N,TRUE,FALSE
Salmon Fire,Y,2021-05-12T22:17:49Z,2021-05-01T21:02:48Z,CAL FIRE Amador-El Dorado Unit,,El Dorado,"Salmon Falls Road at the American River, North East of El Dorado Hills in El Dorado County.",32,100,"Firefighters worked throughout the night and as of this morning have achieved 40% containment. The focus today is to strengthen containment lines and mop up hot spots. With the help of firefighters from CAL FIRE - Santa Clara Unit, it is anticipated that crews will make good progress toward full containment today.",,-121.034998,38.773294,Wildfire,63892d1b-fd0d-4120-be74-242857e211ee,https://osfm.fire.ca.gov/incidents/2021/5/1/salmon-fire/,,,5/1/21,N,TRUE,FALSE
Southern Fire,Y,2021-05-12T22:15:50Z,2021-05-02T00:56:04Z,CAL FIRE San Diego,,San Diego,"14000 Blk Great Southern Overland , Agua Caliente in San Diego County.",5366,100,,,-116.443391,32.987532,Wildfire,89467f5f-2562-47dc-99b6-cb8ec90c3a12,https://osfm.fire.ca.gov/incidents/2021/5/2/southern-fire/,2021-05-06T06:53:36Z,5/6/21,5/2/21,N,TRUE,FALSE
Creek Fire,Y,2021-05-06T15:47:51Z,2021-05-04T13:28:00Z,CAL FIRE Riverside Unit,,Riverside,Cahuilla Creek Motocross and Highway 371 in Anza,32,100,,,-116.767011,33.532246,Wildfire,fb63695d-fd59-47dd-9247-e5a7099b5fce,https://osfm.fire.ca.gov/incidents/2021/5/4/creek-fire/,2021-05-04T18:00:00Z,5/4/21,5/4/21,N,TRUE,FALSE
Bridge Fire,Y,2021-05-06T13:56:57Z,2021-05-05T23:30:06Z,CAL FIRE/Riverside County Fire Department,,Riverside,Gilman Springs Road and Bridge Street,226,100,,CAL FIRE/Riverside County Fire Department,-117.044072,33.86972,Wildfire,c3f573fc-ece2-4b19-a67e-069bf3fc0c16,https://osfm.fire.ca.gov/incidents/2021/5/5/bridge-fire/,2021-05-06T06:56:43Z,5/6/21,5/5/21,N,TRUE,FALSE
Gunnison Fire,Y,2021-05-09T05:17:08Z,2021-05-08T13:44:53Z,CAL FIRE Butte County Unit,,Butte,Munjar Road and Meridian Road,549,100,Forward Spread stopped,,-121.91936,39.85479,Wildfire,25d0bdd9-c422-459a-bc12-d9cae4843518,https://osfm.fire.ca.gov/incidents/2021/5/8/gunnison-fire/,2021-05-08T10:13:00Z,5/8/21,5/8/21,N,TRUE,FALSE
Granite Fire,Y,2021-05-11T22:24:27Z,2021-05-08T15:02:45Z,CAL FIRE Tuolumne-Calaveras Unit,,Calaveras,Milton Road and Rock Creek Road,118,100,,,-120.85258,38.03106,Wildfire,baef627e-c3ba-4c3c-8a55-a168839aa2c8,https://osfm.fire.ca.gov/incidents/2021/5/8/granite-fire/,2021-05-08T21:35:49Z,5/8/21,5/8/21,N,TRUE,FALSE
Dillard Fire,Y,2021-05-12T22:21:17Z,2021-05-08T17:29:49Z,Sacramento County Metro Fire Department,,Sacramento,Fig Road,44,100,,,-121.45965,38.28328,Wildfire,0b59568a-ab13-4acf-965a-18e9b18ae223,https://osfm.fire.ca.gov/incidents/2021/5/8/dillard-fire/,2021-05-08T20:05:33Z,5/8/21,5/8/21,N,FALSE,FALSE
Quail Fire,Y,2021-05-12T21:53:44Z,2021-05-12T20:48:43Z,CAL FIRE Nevada-Yuba-Placer Unit,,Yuba,"Quail Run Ave and Key Ct, northwest of Smartsville",35,100,,,-121.361339,39.2510745,Wildfire,ee1dc476-97d4-4da9-a2ba-d3e9f5116309,https://osfm.fire.ca.gov/incidents/2021/5/12/quail-fire/,2021-05-12T14:53:27Z,5/12/21,5/12/21,N,TRUE,FALSE
Pine Fire,Y,2021-05-21T12:24:23Z,2021-05-12T22:46:39Z,Los Angeles County Fire Department,,Los Angeles,"Hwy 138 and 248th St, Pinion Hills",442,100,,Los Angeles County Fire Department,-117.663815,34.454231,Wildfire,3bd5d90f-8131-48a0-a02f-1677e5394ce1,https://osfm.fire.ca.gov/incidents/2021/5/12/pine-fire/,2021-05-20T12:23:55Z,5/20/21,5/12/21,N,FALSE,FALSE
Fields Fire,Y,2021-05-15T19:03:07Z,2021-05-14T14:00:00Z,CAL FIRE Madera-Mariposa-Merced Unit,,Merced,"La Grange Rd and Fields Rd, Community of Snelling",97,100,,,-120.419624,37.560209,Wildfire,5afc3e64-eb8a-4aad-9bb5-1f9a20f84bb0,https://osfm.fire.ca.gov/incidents/2021/5/14/fields-fire/,2021-05-15T11:58:36Z,5/15/21,5/14/21,N,TRUE,FALSE
R-1 Fire,Y,2021-05-26T12:48:47Z,2021-05-14T13:03:00Z,BLM Northern Operations District,,Lassen,Cottonwood Mountains northeast Ravendale,29,100,,CAL FIRE Lassen-Modoc Unit,-120.094517,40.971612,Wildfire,0c1abd92-b131-40f4-bcf7-f6d1871af6a1,https://osfm.fire.ca.gov/incidents/2021/5/14/r-1-fire/,2021-05-15T12:48:28Z,5/15/21,5/14/21,N,FALSE,FALSE
Palisades Fire,Y,2021-06-01T16:00:12Z,2021-05-14T21:50:41Z,Los Angeles County Fire Department,,Los Angeles,"Palisades Court and Michael Lane, Topanga Canyon",1202,100,,Los Angeles County Fire Department,-118.558938,34.079046,Wildfire,8c1bfb66-4002-498a-ae39-62b584718519,https://osfm.fire.ca.gov/incidents/2021/5/14/palisades-fire/,2021-05-26T18:00:00Z,5/26/21,5/14/21,N,FALSE,FALSE
Davis Fire,Y,2021-05-20T08:07:58Z,2021-05-18T13:30:00Z,CAL FIRE Riverside County Fire Department,,Riverside,"Davis Road and Theodore Street, Southeast of Moreno Valley",300,100,,CAL FIRE Riverside County Fire Department ,-117.1116,33.8948,,1882364c-9710-47ab-9871-349a76a60173,https://osfm.fire.ca.gov/incidents/2021/5/18/davis-fire/,2021-05-19T07:44:21Z,5/19/21,5/18/21,N,TRUE,FALSE
Parkside Fire,Y,2021-05-21T10:26:30Z,2021-05-19T15:54:00Z,CAL FIRE Riverside/ Riverside County Fire Department,,Riverside,"Highway 111 And Parkside Drive, Southeast of  Mecca",17,100,,CAL FIRE Riverside/ Riverside County Fire Department ,-115.917099,33.50994,,e8b4ee36-20b5-4d20-93a4-831ef2e5c659,https://osfm.fire.ca.gov/incidents/2021/5/19/parkside-fire/,2021-05-20T19:53:00Z,5/20/21,5/19/21,N,TRUE,FALSE
Settlers Fire,Y,2021-05-21T12:59:28Z,2021-05-19T14:56:00Z,CAL FIRE Amador El Dorado Unit,,El Dorado,"Settlers Trail, East of Latrobe",45,100,,,-121.01365,38.56101,,aefbc94c-63b5-4767-aa12-a8bc8ed80d87,https://osfm.fire.ca.gov/incidents/2021/5/19/settlers-fire/,2021-05-21T12:59:21Z,5/21/21,5/19/21,N,TRUE,FALSE
WeeVill Fire,Y,2021-05-24T13:35:57Z,2021-05-20T09:27:00Z,Los Angeles County Fire Department,,Los Angeles,"Hwy 138 and 210th Street W, 15 miles west of Lancaster",300,100,,Los Angeles County Fire Department ,-118.5044868,34.7591895,Wildfire,a5bcf6ba-3e09-49f8-b4c4-1b134aa5c83f,https://osfm.fire.ca.gov/incidents/2021/5/20/weevill-fire/,2021-05-22T13:35:16Z,5/22/21,5/20/21,N,FALSE,FALSE
Bluff Fire,N,2021-06-07T08:27:30Z,2021-05-21T06:55:59Z,USFS Six Rivers National Forest,,Humboldt,"Bluff Creek and Wright Place,  north of Weitchpec",25,100,,USFS Six Rivers National Forest,-123.66003,41.23106,Wildfire,8e8900a0-814f-425a-8b37-bd5098222959,https://osfm.fire.ca.gov/incidents/2021/5/21/bluff-fire/,2021-06-06T12:26:00Z,6/6/21,5/21/21,N,FALSE,FALSE
Tomki Fire,Y,2021-05-24T18:47:48Z,2021-05-21T15:36:15Z,CAL FIRE Mendocino Unit,,Mendocino,"Tomki Road and Appaloosa Way, North of Redwood Valley",18,100,,,-123.23205,39.384319,,53d124c0-3cc9-436a-8c35-87a9019a3d24,https://osfm.fire.ca.gov/incidents/2021/5/21/tomki-fire/,2021-05-24T18:47:21Z,5/24/21,5/21/21,N,TRUE,FALSE
Lake Fire,Y,2021-05-27T07:04:31Z,2021-05-24T13:30:26Z,CAL FIRE/Riverside County Fire Department,,Riverside,"Santa Ana River Bottom near Lakeview Ave and Pedley Rd, Jurupa Valley",115,100,,CAL FIRE/Riverside County Fire Department,-117.471517,33.965596,Wildfire,9116b7e9-66c8-417b-a1f6-b9b078e240d6,https://osfm.fire.ca.gov/incidents/2021/5/24/lake-fire/,2021-05-27T07:04:11Z,5/27/21,5/24/21,N,TRUE,FALSE
Live Oak Fire,Y,2021-05-31T18:51:36Z,2021-05-27T14:36:00Z,CAL FIRE Madera Mariposa Merced Unit,,Mariposa,"Live Oak Rd and Yaqui Gulch Rd, West of Mormon Bar",197,100,,,-120.00392,37.45646,Wildfire,4f6bdd52-abdc-4c93-a48b-7d7adae05cfc,https://osfm.fire.ca.gov/incidents/2021/5/27/live-oak-fire/,2021-05-31T18:50:19Z,5/31/21,5/27/21,N,TRUE,FALSE
Mile Fire,Y,2021-05-28T06:44:42Z,2021-05-27T18:44:00Z,CAL FIRE Tuolomne- Calaveras Unit,,Stanislaus,"E. Sonora Road and 28 Mile Road, Northeast of Woodward Reservoir",508,100,,,-120.8391587,37.89346197,,cfdab623-d2b2-4d61-a227-be32ebb3fac4,https://osfm.fire.ca.gov/incidents/2021/5/27/mile-fire/,2021-05-28T06:44:37Z,5/28/21,5/27/21,N,TRUE,FALSE
Sargents Fire,Y,2021-06-02T17:42:04Z,2021-05-30T15:10:29Z,CAL FIRE San Benito-Monterey Unit,,Monterey,"Wunpost Rd and Sargeant Canyon Rd, Northeast of Bradley",1100,100,,,-120.8732739,35.96205271,Wildfire,6cdd3c1b-2ef3-4a77-aef2-82ff170cd227,https://osfm.fire.ca.gov/incidents/2021/5/30/sargents-fire/,,,5/30/21,N,TRUE,FALSE
Slope Fire,Y,2021-06-02T17:35:50Z,2021-05-31T16:24:20Z,Fresno-Kings County Fire,,Fresno,Off Trimmer Springs Road and Sunnyslope Road in Fresno County.,25,100,,,-119.3484122,36.86201725,Wildfire,81777c5a-cf1d-4161-a261-97c55a8393c0,https://osfm.fire.ca.gov/incidents/2021/5/31/slope-fire/,,,5/31/21,N,TRUE,FALSE
Smalley Fire,Y,2021-06-04T07:25:08Z,2021-05-31T19:12:45Z,Madera-Mariposa-Merced Unit,,Madera,"Road 222 and Tunoi Place , South of the town of North Fork in Madera County.",45,100,,,-119.5166045,37.1619216,Wildfire,033ee676-f2f0-4ea8-bbc9-b0bb02de3462,https://osfm.fire.ca.gov/incidents/2021/5/31/smalley-fire/,2021-06-03T07:24:58Z,6/3/21,5/31/21,N,TRUE,FALSE
Scott Fire,Y,2021-06-01T20:19:22Z,2021-06-01T13:06:00Z,CAL FIRE Riverside/ Riverside County Fire Department,,Riverside,"Winchester Road and Scott Road, South of Winchester",28,100,,CAL FIRE Riverside/ Riverside County Fire Department ,-117.089849,33.631955,,c8ae5d37-89ac-4d57-904e-720ef7012edc,https://osfm.fire.ca.gov/incidents/2021/6/1/scott-fire/,2021-06-01T20:14:45Z,6/1/21,6/1/21,N,TRUE,FALSE
Coyote Fire,Y,2021-06-04T17:11:51Z,2021-06-02T18:30:00Z,CAL FIRE/Riverside County Fire Department,,Riverside,"Old Banning Idyllwild Road, south of Shirleon Drive",43,100,,CAL FIRE RRU,-116.90145,33.895007,Fire,760bd55e-7296-44c7-a8ea-917e1751d811,https://osfm.fire.ca.gov/incidents/2021/6/2/coyote-fire/,2021-06-04T17:11:26Z,6/4/21,6/2/21,N,TRUE,FALSE
Buck Fire,Y,2021-06-08T18:33:01Z,2021-06-06T15:20:52Z,CAL FIRE/ Madera-Mariposa-Merced Unit,,Madera,"Rd 600 and Rd 612,  East of Raymond",50,100,,,-119.8604784,37.24484944,Wildfire,1a1a9275-f16f-4a06-abe6-3ba18e5e9b33,https://osfm.fire.ca.gov/incidents/2021/6/6/buck-fire/,2021-06-08T18:32:58Z,6/8/21,6/6/21,N,TRUE,FALSE
Intanko Fire,Y,2021-06-11T15:44:28Z,2021-06-08T13:59:00Z,CAL FIRE Nevada-Yuba-Placer Unit,,Yuba,"Intanko Lane and Kapaka Lane, Northeast of Wheatland",939,100,,,-121.333346,39.084872,Wildfire,63d1e4af-4112-4d67-8db0-4dec23b3674f,https://osfm.fire.ca.gov/incidents/2021/6/8/intanko-fire/,,,6/8/21,N,TRUE,FALSE
Farm Fire,Y,2021-06-14T17:04:24Z,2021-06-09T13:15:00Z,Unified Command: CAL FIRE San Bernardino Unit and San Bernardino County Fire Department,,San Bernardino,"Ranchero Road and Caliente Road, West of Hesperia",250,100,,"CAL FIRE San Bernardino Unit ,  San Bernardino County Fire Department  ",-117.4183546,34.3832472,Wildfire,1eea5329-95c3-4a41-974f-7b3693441b1e,https://osfm.fire.ca.gov/incidents/2021/6/9/farm-fire/,2021-06-11T17:04:08Z,6/11/21,6/9/21,N,TRUE,FALSE
Sierra Fire,Y,2021-06-11T10:04:04Z,2021-06-09T13:53:00Z,Camp Pendleton,,San Diego,"Basilone Road and Stagecoach Road, West of Camp Pendleton North",1000,100,,Camp Pendleton ,-117.3483228,33.31571157,Wildfire,b6391e06-889a-4d69-ba3e-8491af004029,https://osfm.fire.ca.gov/incidents/2021/6/9/sierra-fire/,2021-06-11T10:03:47Z,6/11/21,6/9/21,N,FALSE,FALSE
Creek Fire,Y,2021-06-10T07:03:48Z,2021-06-09T20:00:00Z,CAL FIRE Sonoma-Lake-Napa,,Yolo,"Highway 16 and Road 41, North of Rumsey",34,100,,,-122.238889,38.899722,Wildfire,09996c3f-3186-4c5d-8006-ced791b3ff40,https://osfm.fire.ca.gov/incidents/2021/6/9/creek-fire/,2021-06-10T07:03:23Z,6/10/21,6/9/21,N,TRUE,FALSE
Flats Fire,Y,2021-06-21T12:29:05Z,2021-06-13T11:12:13Z,San Bernardino National Forest,,Riverside,"Pinyon Flats Transfer Station and Elks Trail Rd, near Mountain Center",341,100,,United States Forest Service ,-116.4518615,33.5812044,Wildfire,ddcef5cf-9417-4c41-b64b-910e096522fc,https://osfm.fire.ca.gov/incidents/2021/6/13/flats-fire/,2021-06-21T12:28:30Z,6/21/21,6/13/21,N,FALSE,FALSE
Goose Fire,Y,2021-06-15T07:27:32Z,2021-06-13T16:01:34Z,CAL FIRE Amador El Dorado Unit,,Amador,"Red Valley Road and Jackson Valley Road, Jackson Valley",67,100,,,-120.9608439,38.3046414,Wildfire,0e78a6e0-9315-4b29-8a1c-894d4b06a64e,https://osfm.fire.ca.gov/incidents/2021/6/13/goose-fire/,,,6/13/21,N,TRUE,FALSE
Beale Fire,Y,2021-06-14T17:56:57Z,2021-06-13T19:39:00Z,CAL FIRE Nevada Yuba Placer Unit,,Yuba,Hammonton Smartsville Rd and Henwood Ranch Rd east of Yuba City,150,100,,,-121.3587065,39.1956433,Wildfire,92fd111b-2d3a-48c8-bc43-d505eaceb423,https://osfm.fire.ca.gov/incidents/2021/6/13/beale-fire/,2021-06-14T17:54:43Z,6/14/21,6/13/21,N,TRUE,FALSE
Silicon Fire,Y,2021-06-14T18:36:58Z,2021-06-14T11:40:00Z,CAL FIRE Santa Clara Unit,,Santa Clara,"Silicon Valley Road and Basking Ridge, East San Jose",35,100,,,-121.76309,37.24042,Wildfire,8d9ee304-6918-4f74-b7f1-ec8441020bf9,https://osfm.fire.ca.gov/incidents/2021/6/14/silicon-fire/,2021-06-14T18:36:39Z,6/14/21,6/14/21,N,TRUE,FALSE
Kathryn Fire,Y,2021-06-17T12:36:48Z,2021-06-15T13:30:00Z,CAL FIRE / Riverside County Fire Department,,Riverside,"Sage Road and Cactus Valley Road, South of Hemet",15,100,,CAL FIRE Riverside/ Riverside County Fire Department ,-116.94956,33.67127,Wildfire,08a000bd-2c35-4409-abe9-961da323bbe2,https://osfm.fire.ca.gov/incidents/2021/6/15/kathryn-fire/,2021-06-15T08:00:19Z,6/15/21,6/15/21,N,TRUE,FALSE
Rock Fire,Y,2021-06-20T12:47:07Z,2021-06-15T17:14:55Z,CAL FIRE Shasta Trinity Unit,,Shasta,"Benson Dr and Rock Creek Rd, East of Whiskeytown",108,100,,,-122.49164,40.61468,Wildfire,2b42f885-f296-4659-98e0-c33585215fa9,https://osfm.fire.ca.gov/incidents/2021/6/15/rock-fire/,2021-06-20T12:46:57Z,6/20/21,6/15/21,N,TRUE,FALSE
Dairy Fire,Y,2021-06-28T09:27:26Z,2021-06-15T18:59:10Z,U.S. Fish and Wildlife Service,,Tehama,"East Canal Rd and Tyler Rd, northeast of Proberta",165,100,,Sacramento National Wildlife Refuge ,-122.16025,40.10806,Wildfire,e86265b9-2ac9-471e-bff4-deb2f46b7b7d,https://osfm.fire.ca.gov/incidents/2021/6/15/dairy-fire/,2021-06-24T08:00:00Z,6/24/21,6/15/21,N,FALSE,FALSE
Equestrian Fire,Y,2021-06-16T17:08:03Z,2021-06-16T14:03:42Z,CAL FIRE Amador-El Dorado Unit,,El Dorado,"Equestrian Way and Square Nail Trail, south of Pilot Hill",10,100,,,-121.01273,38.79988,Wildfire,26ec9c89-912e-4c23-a6c9-04b5dcb31970,https://osfm.fire.ca.gov/incidents/2021/6/16/equestrian-fire/,2021-06-16T17:07:52Z,6/16/21,6/16/21,N,TRUE,FALSE
Pomo Fire,Y,2021-09-14T07:19:04Z,2021-06-17T16:45:06Z,North Shore Fire Protection District,,Lake,"Pomo Road Cross and Hwy 20, Upper Lake",42,100,,,-122.916,39.16338,Wildfire,83e251e4-196f-4db5-b5ba-bed8e300380c,https://osfm.fire.ca.gov/incidents/2021/6/17/pomo-fire/,2021-06-17T10:40:44Z,6/17/21,6/17/21,N,FALSE,FALSE
Park Fire,Y,2021-06-19T19:24:26Z,2021-06-17T21:37:07Z,Unified Command: CAL FIRE/Butte Unit and City of Chico,,Butte,"Upper Park Road and  Bidwell Park, northeast of Chico",402,100,,,-121.76629,39.77144,Wildfire,6672b6ad-981e-43e8-b4ad-a75285ab9f90,https://osfm.fire.ca.gov/incidents/2021/6/17/park-fire/,2021-06-19T19:24:22Z,6/19/21,6/17/21,N,TRUE,FALSE
Alabama Fire,Y,2021-06-21T07:17:32Z,2021-06-18T02:19:00Z,CAL FIRE San Bernardino Unit,,Inyo,"Whitney Portal Road and Hogback Road, Northwest of Lone Pine",560,100,,,-118.20355,36.59717,,2947b64d-5835-411b-a603-afcbaf8d53d8,https://osfm.fire.ca.gov/incidents/2021/6/18/alabama-fire/,2021-06-21T07:17:16Z,6/21/21,6/18/21,N,TRUE,FALSE
Antelope Fire,Y,2021-06-20T07:18:38Z,2021-06-18T06:33:00Z,CAL FIRE Tulare Unit,,Tulare,"Avenue 380 and Road 208, Northeast of Woodlake",11,100,,,-119.10788,36.47887,Wildfire,587e51fd-ad97-4894-b53e-300a78e4dc80,https://osfm.fire.ca.gov/incidents/2021/6/18/antelope-fire/,2021-06-20T07:18:21Z,6/20/21,6/18/21,N,TRUE,FALSE
Success Fire,Y,2021-06-22T18:08:03Z,2021-06-18T01:17:00Z,CAL FIRE Tulare Unit,,Tulare,"Success Valley Road and  Reservation Road, East of Porterville",800,100,,,-118.85799,36.03223,Wildfire,8e8e1a5e-0855-4751-8ad1-70730007657c,https://osfm.fire.ca.gov/incidents/2021/6/18/success-fire/,2021-06-22T18:00:00Z,6/22/21,6/18/21,N,FALSE,FALSE
Nettle Fire,Y,2021-07-12T09:11:05Z,2021-06-18T10:11:21Z,Tule River Indian Reservation,,Tulare,"Indian Service Rd BIA 70 and Bond Creek , east of Porterville",1265,100,,Tule River Indian Reservation ,-118.76857,36.03887,Wildfire,ecdd77c3-2919-44d8-9ee9-c176271b04d0,https://osfm.fire.ca.gov/incidents/2021/6/18/nettle-fire/,2021-07-01T08:58:19Z,7/1/21,6/18/21,N,FALSE,FALSE
Willow Fire,Y,2021-07-12T08:24:18Z,2021-06-18T11:49:41Z,Los Padres National Forest,,Monterey,"Willow Creek and Marble Peak Trail, Southeast of Big Sur",2877,100,,Los Padres National Forest,-121.558858,36.151231,Wildfire,961a9b24-0bad-4c53-9809-14fe98d515c4,https://osfm.fire.ca.gov/incidents/2021/6/18/willow-fire/,2021-07-11T08:24:03Z,7/11/21,6/18/21,N,FALSE,FALSE
Crane Fire,Y,2021-06-21T17:23:35Z,2021-06-18T18:35:00Z,Kern County Fire Department,,Kern,"Lebec Service Road and Crane Canyon Road, Northeast of Lebec",48,100,,,-118.86258,34.83498,,f5d44748-ed74-4660-ab1a-b94f483ab5df,https://osfm.fire.ca.gov/incidents/2021/6/18/crane-fire/,2021-06-20T18:07:44Z,6/20/21,6/18/21,N,TRUE,FALSE
Overland Fire,Y,2021-06-24T18:51:04Z,2021-06-19T08:00:00Z,CAL FIRE San Diego Unit,,San Diego,"Canebrake Canyon Road  and Great Southern Overland Stage Route , East of Mount Laguna",515,100,,,-116.233056,32.903917,,8992a229-a245-431d-9a61-11f8d545d93b,https://osfm.fire.ca.gov/incidents/2021/6/19/overland-fire/,2021-06-24T18:50:12Z,6/24/21,6/19/21,N,TRUE,FALSE
Bautista Fire,Y,2021-06-21T20:03:09Z,2021-06-19T13:36:00Z,CAL FIRE Riverside Unit,,Riverside,"Hwy 371 and Bautista Road, West of Anza",95,100,,,-116.707967,33.551747,Fire,cfcf1a2b-e358-4dc0-ab39-93ebe94fc843,https://osfm.fire.ca.gov/incidents/2021/6/19/bautista-fire/,2021-06-21T20:02:53Z,6/21/21,6/19/21,N,TRUE,FALSE
Inyo Creek Fire,Y,2021-07-12T07:59:32Z,2021-06-19T06:19:04Z,,,Inyo,"Whitney Portal Road, West of Lone Pine in Inyo County",592,100,,Inyo National Forest ,-118.1420738,36.6000177,,68b1630c-10e7-4d99-9c61-baa592f1dd83,https://osfm.fire.ca.gov/incidents/2021/6/19/inyo-creek-fire/,2021-07-09T08:00:00Z,7/9/21,6/19/21,N,FALSE,FALSE
Cow Fire,Y,2021-06-26T18:29:11Z,2021-06-20T16:38:04Z,CAL FIRE Shasta-Trinity Unit,,Shasta,"Highway 44 and South Cow Creek Rd,  southeast of Millville in Shasta County",761,100,,,-122.12107,40.53297,Fire,37385589-19f2-43fd-96fb-6a5cd28c607c,https://osfm.fire.ca.gov/incidents/2021/6/20/cow-fire/,2021-06-26T18:25:36Z,6/26/21,6/20/21,N,TRUE,FALSE
76 Fire,Y,2021-06-22T09:08:43Z,2021-06-20T17:32:36Z,CAL FIRE Riverside County Fire,,Riverside,"89000 Block of Avenue 76, Thermal Riverside County",20,100,,,-116.1147496,33.499081,Fire,c9ccf962-449a-4fe8-a1ec-42672f023868,https://osfm.fire.ca.gov/incidents/2021/6/20/76-fire/,2021-06-21T09:09:11Z,6/21/21,6/20/21,N,TRUE,FALSE
Clevenger Fire,Y,2021-06-21T20:06:17Z,2021-06-20T18:28:38Z,,,San Diego,"San Pasqual Valley Road and Bandy Canyon Road, San Pasqual in San Diego County.",53,100,,,-116.9543,33.09183,Fire,32ea3306-088d-4779-9009-2763c7f8a38c,https://osfm.fire.ca.gov/incidents/2021/6/20/clevenger-fire/,2021-06-21T20:05:56Z,6/21/21,6/20/21,N,TRUE,FALSE
Watt Fire,Y,2021-06-21T19:04:51Z,2021-06-21T16:41:35Z,Placer County Fire Department,,Placer,"Watt Ave at PFE Rd, north of Sacramento",42,100,,,-121.39247,38.728881,Wildfire,1702e4de-4414-4604-a70d-e0f54df154bd,https://osfm.fire.ca.gov/incidents/2021/6/21/watt-fire/,2021-06-21T19:04:05Z,6/21/21,6/21/21,N,FALSE,FALSE
Antelope Fire,Y,2021-07-12T08:33:53Z,2021-06-22T11:19:00Z,Modoc National Forest,,Modoc,"Antelope Reservoir, 10 miles northeast of Canby",580,100,,CAL FIRE Lassen-Modoc Unit ,-120.729446,41.583949,Fire,4c9c4b27-d45d-453d-82f9-39da5ccfe176,https://osfm.fire.ca.gov/incidents/2021/6/22/antelope-fire/,2021-06-29T08:33:42Z,6/29/21,6/22/21,N,FALSE,FALSE
Panoche Fire,Y,2021-06-24T18:43:22Z,2021-06-23T13:38:00Z,CAL FIRE San Benito - Monterey Unit,,San Benito,"Panoche Road and Moody Canyon, East of Panoche Valley",145,100,,,-120.987172,36.63228,,348304a5-5d65-46bb-a9f6-4e8ce6ca985b,https://osfm.fire.ca.gov/incidents/2021/6/23/panoche-fire/,2021-06-24T18:42:38Z,6/24/21,6/23/21,N,TRUE,FALSE
Pine Fire,Y,2021-06-24T18:31:26Z,2021-06-23T13:42:00Z,CAL FIRE Shasta-Trinity Unit,,Shasta,"Pine Meadow Place and Cloverdale Road, West of Anderson",50,100,,,-122.481055,40.475558,,691ca75a-6419-40ab-87d7-bbe92796307c,https://osfm.fire.ca.gov/incidents/2021/6/23/pine-fire/,,,6/23/21,N,TRUE,FALSE
Mesa Fire,Y,2021-06-27T16:51:52Z,2021-06-23T16:01:58Z,CAL FIRE San Diego Unit,,San Diego,"Hwy 76 and Cousier Canyon, Community of Pala",350,100,,,-117.095858,33.337282,Wildfire,9bacadf6-c7e2-43c9-b8e6-41be7a79579b,https://osfm.fire.ca.gov/incidents/2021/6/23/mesa-fire/,2021-06-27T16:51:24Z,6/27/21,6/23/21,N,TRUE,FALSE
4-3 Fire,Y,2021-06-28T12:50:16Z,2021-06-24T18:38:46Z,CAL FIRE Lassen-Modoc Unit,,Modoc,"Hwy 395 and Pencil Road, north of Alturas",134,100,,,-120.497502,41.562302,Wildfire,e9761340-1808-42f6-b773-fb7047a2a638,https://osfm.fire.ca.gov/incidents/2021/6/24/4-3-fire/,2021-06-28T12:49:19Z,6/28/21,6/24/21,N,TRUE,FALSE
Paseo Fire,Y,2021-06-25T23:13:16Z,2021-06-25T14:23:00Z,CAL FIRE Santa Clara,,Santa Clara,"Paseo Robles Ave and Paseo Vista Ave, East of Morgan Hill",37,100,,,-121.584194,37.118582,Wildfire,909624c0-d36c-4b9a-8f34-a9e02961b883,https://osfm.fire.ca.gov/incidents/2021/6/25/paseo-fire/,2021-06-25T23:13:01Z,6/25/21,6/25/21,N,TRUE,FALSE
Steins Fire,Y,2021-06-27T16:52:41Z,2021-06-26T13:05:41Z,CAL FIRE/ Amador-El Dorado Unit,,El Dorado,Kingvale Rd and Wildcrest Rd,11,100,,,-120.876096,38.659971,Wildfire,b3136d0f-6ef3-46ea-9342-6d6b0d82d274,https://osfm.fire.ca.gov/incidents/2021/6/26/steins-fire/,2021-06-27T15:35:26Z,6/27/21,6/26/21,N,TRUE,FALSE
Lava Fire,Y,2021-09-03T07:04:31Z,2021-06-24T20:35:24Z,Shasta-Trinity National Forest,,Siskiyou,Hotlum Rd and Lumm Rd,26409,100,,Shasta-Trinity National Forest ,-122.329,41.459,Wildfire,9d7c19c4-f146-4b3e-a4c3-5ea9c3247208,https://osfm.fire.ca.gov/incidents/2021/6/24/lava-fire/,2021-09-03T06:51:30Z,9/3/21,6/24/21,N,FALSE,FALSE
Canyon Fire,Y,2021-06-28T07:08:25Z,2021-06-26T20:47:10Z,Lean Agency: Kern County Fire,,Kern,Hwy 178 and Rancheria Rd,220,100,,,-118.793912,35.442533,Wildfire,eddffab0-51af-490d-b60e-640300fe6085,https://osfm.fire.ca.gov/incidents/2021/6/26/canyon-fire/,2021-06-28T07:08:15Z,6/28/21,6/26/21,N,TRUE,FALSE
Shell Fire,Y,2021-07-07T15:45:31Z,2021-06-27T13:07:06Z,Lead Agency: Kern County Fire,,Kern,Interstate 5 and Grapevine Rd,1984,100,,,-118.891,34.919,Wildfire,62f7b39d-1213-47c2-8118-88eb98908af7,https://osfm.fire.ca.gov/incidents/2021/6/27/shell-fire/,2021-06-30T18:00:00Z,6/30/21,6/27/21,N,FALSE,FALSE
Sky Fire,Y,2021-07-12T08:02:18Z,2021-06-27T17:49:34Z,Lassen National Forest,,Butte,Philbrook Rd.,76,100,,Lassen National Forest ,-121.406,40.039,Wildfire,9128e6fe-a114-479a-a43c-64ea56411eb5,https://osfm.fire.ca.gov/incidents/2021/6/27/sky-fire/,2021-07-09T08:02:17Z,7/9/21,6/27/21,N,FALSE,FALSE
Vulcan Fire,Y,2021-06-29T15:35:31Z,2021-06-27T17:05:33Z,"CAL FIRE/ Fresno-Kings Unit, Fresno City",,Fresno,Friant Rd and Willow Rd,140,100,,,-119.735,36.932,Wildfire,4376d68e-4093-4d4c-aa6f-e0df6d50e9fb,https://osfm.fire.ca.gov/incidents/2021/6/27/vulcan-fire/,2021-06-29T15:35:19Z,6/29/21,6/27/21,N,TRUE,FALSE
Peak Fire,Y,2021-07-12T09:14:34Z,2021-06-28T10:52:00Z,San Bernardino National Forest,,San Bernardino,"Old Waterman Canyon Road and Highway 18, North of Waterman Canyon",35,100,,San Bernardino National Forest ,-117.280416,34.20849,Wildfire,d6b89198-5fd8-498f-8429-3d2994f496f9,https://osfm.fire.ca.gov/incidents/2021/6/28/peak-fire/,2021-07-01T09:14:18Z,7/1/21,6/28/21,N,FALSE,FALSE
Stowe Fire,Y,2021-06-29T07:35:01Z,2021-06-28T16:48:08Z,CAL FIRE/ Riverside County Fire Department,,Riverside,California Avenue and Lyn Avenue,122,100,,CAL FIRE/ Riverside County Fire Department,-117.050236,33.740058,Wildfire,2aaf4aba-1155-4f25-a5a6-fd6ee8d66f8c,https://osfm.fire.ca.gov/incidents/2021/6/28/stowe-fire/,2021-06-29T07:34:49Z,6/29/21,6/28/21,N,TRUE,FALSE
Lilly Fire,Y,2021-06-29T17:51:10Z,2021-06-28T16:07:00Z,CAL FIRE Madera - Mariposa - Merced Unit,,Madera,"Road 400 and Lilley Mountain Drive,  Southwest of the Community of Coarsegold",35,100,,,-122.054254,41.665191,,0794cd0a-12e3-4576-8692-45603ad6b246,https://osfm.fire.ca.gov/incidents/2021/6/28/lilly-fire/,2021-06-29T17:51:06Z,6/29/21,6/28/21,N,TRUE,FALSE
Tennant Fire,Y,2021-07-15T16:13:43Z,2021-06-28T16:07:00Z,Klamath National Forest,,Siskiyou,"Tennant Road and Pengrass Road, South of Mount Hebron",10580,100,,Klamath National Forest,-122.054254,41.665191,Wildfire,3a83c4bc-28cc-4792-849b-fedb5629e4bc,https://osfm.fire.ca.gov/incidents/2021/6/28/tennant-fire/,2021-07-15T16:13:33Z,7/15/21,6/28/21,N,FALSE,FALSE
Beswick Fire,Y,2021-07-03T17:13:04Z,2021-06-28T18:14:00Z,CAL FIRE Siskiyou Unit,,Siskiyou,"Ager-Beswick Road and Desavado Road, North of Montague",118,100,,,-122.374848,41.917209,Wildfire,9692e02d-4a87-48b7-b261-f83f4a951642,https://osfm.fire.ca.gov/incidents/2021/6/28/beswick-fire/,2021-07-03T17:12:39Z,7/3/21,6/28/21,N,TRUE,FALSE
Blue Fire,Y,2021-07-12T08:05:31Z,2021-06-30T16:22:00Z,Sierra National Forest,,Fresno,"Big Creek Road and Soaproot Saddle Road, South of Shaver",277,100,,Sierra National Forest,-119.2548441,37.02865767,Wildfire,ac0c072d-d926-49f2-8a3d-c18ea5d32010,https://osfm.fire.ca.gov/incidents/2021/6/30/blue-fire/,2021-07-08T08:05:21Z,7/8/21,6/30/21,N,FALSE,FALSE
Salt Fire,Y,2021-07-20T08:46:22Z,2021-06-30T14:55:56Z,Shasta-Trinity National Forest,,Shasta,"Gilman Rd and Coal Creek Rd, north of Shasta Lake City",12660,100,,Shasta-Trinity National Forest,-122.348956,40.860525,Wildfire,b07cd929-6dde-4ad9-b845-a2fdc5ba3f97,https://osfm.fire.ca.gov/incidents/2021/6/30/salt-fire/,2021-07-19T08:46:09Z,7/19/21,6/30/21,N,FALSE,FALSE
R-1 Fire,N,2021-07-19T07:21:45Z,2021-06-30T20:49:00Z,Bureau of Land Management - California,,Lassen,"Spanish Springs Peak, southeast of Ravendale in Lassen County.",,,,Bureau of Land Management - California,-120.2408035,40.7468237,Wildfire,187580ca-f6fc-4cbb-bf50-a0e5daa43626,https://osfm.fire.ca.gov/incidents/2021/6/30/r-1-fire/,,,6/30/21,N,FALSE,FALSE
Ysabel Fire,Y,2021-07-06T19:41:26Z,2021-07-03T11:34:00Z,CAL FIRE/San Diego County Fire,,San Diego,"Highway 79 and Mesa Grande Rd, near Santa Ysabel",173,100,,"CAL FIRE San Diego, Cleveland National Forest ",-116.677511,33.119448,Fire,dd8d424d-e416-48a4-87e0-ddc26d4fdcb3,https://osfm.fire.ca.gov/incidents/2021/7/3/ysabel-fire/,,,7/3/21,N,TRUE,FALSE
Main Fire,Y,2021-07-04T17:40:09Z,2021-07-03T08:00:32Z,CAL FIRE Tulare Unit,,Tulare,"Drive 242 and Reid Ave, East of Porterville",384,100,,,-119.017899,36.10007,Wildfire,421fd9f2-1fbb-4bec-bf19-3318fa4830dc,https://osfm.fire.ca.gov/incidents/2021/7/3/main-fire/,2021-07-04T17:39:44Z,7/4/21,7/3/21,N,TRUE,FALSE
Beckwourth Complex,Y,2021-09-26T08:38:14Z,2021-07-04T09:26:06Z,Plumas National Forest,,Plumas,northeast of Beckwourth,105670,100,"Dotta and Sugar Incidents have been combined into the Beckwourth Complex
•    Dotta 670 acres, 15% contained
•    Sugar 471 acres, 24% contained",Plumas National Forest,-120.3415,39.83203,Wildfire,882f419d-ff9e-4533-b8da-a428ffcfec6e,https://osfm.fire.ca.gov/incidents/2021/7/4/beckwourth-complex/,2021-09-22T08:37:37Z,9/22/21,7/4/21,N,FALSE,FALSE
Tumbleweed Fire,Y,2021-07-12T13:23:09Z,2021-07-04T14:49:36Z,Los Angeles County Fire Department,,Los Angeles,"Southbound I-5, south of Gorman",868,100,,Los Angeles County Fire Department,-118.87933,34.808751,Wildfire,a7d2c14e-66e8-4ac6-9538-ad9612dce2d5,https://osfm.fire.ca.gov/incidents/2021/7/4/tumbleweed-fire/,2021-07-12T13:22:50Z,7/12/21,7/4/21,N,FALSE,FALSE
Fish Fire,Y,2021-07-05T17:15:57Z,2021-07-04T17:46:54Z,CAL FIRE Fresno-Kings Unit,,Fresno,"Trimmer Springs Rd and Fish Creek Fire Control Rd, Piedra",75,100,,,-119.393795,36.802809,Wildfire,be285500-c0c4-4f7e-83ae-1f9a991578b1,https://osfm.fire.ca.gov/incidents/2021/7/4/fish-fire/,2021-07-05T17:15:45Z,7/5/21,7/4/21,N,TRUE,FALSE
Juniper Fire,Y,2021-07-15T16:10:13Z,2021-07-05T16:34:58Z,Modoc National Forest,,Modoc,"South Mountain Reservoir and South Mountain Spur, west of Goose Lake",1011,100,,,-120.638464,41.80728,Wildfire,5eaaed19-b38a-49f1-84f8-78d9f8c76656,https://osfm.fire.ca.gov/incidents/2021/7/5/juniper-fire/,2021-07-15T16:09:58Z,7/15/21,7/5/21,N,FALSE,FALSE
Broiler Fire,Y,2021-07-09T08:21:01Z,2021-07-07T14:30:00Z,Redwood Valley FPD,,Mendocino,"Uva Drive and Finne Road, Southwest of Redwood Valley",80,100,,,-123.224377,39.253647,Wildfire,8c512c44-7ddb-44b4-bf03-bab00c0c0c98,https://osfm.fire.ca.gov/incidents/2021/7/7/broiler-fire/,2021-07-09T08:20:37Z,7/9/21,7/7/21,N,TRUE,FALSE
Basalt Fire,Y,2021-07-09T19:29:10Z,2021-07-09T13:26:01Z,CAL FIRE Madera-Mariposa-Merced Unit,,Merced,"Basalt Road, near Basalt Campground",92,100,,,-121.05758,37.06047,Fire,82af1b59-858c-43c4-9f4f-842605e6c0c1,https://osfm.fire.ca.gov/incidents/2021/7/9/basalt-fire/,2021-07-09T19:27:16Z,7/9/21,7/9/21,N,TRUE,FALSE
Coyote Fire,Y,2021-07-22T11:40:19Z,2021-07-09T16:41:27Z,Modoc National Forest,,Modoc,"Highway 139 and Dead Horse Canyon, southeast of Tulelake",110,100,,Modoc National Forest,-121.77593,41.28523,Wildfire,3a4d4c77-ff87-458d-b906-e203fc098aa5,https://osfm.fire.ca.gov/incidents/2021/7/9/coyote-fire/,2021-07-15T11:39:40Z,7/15/21,7/9/21,N,FALSE,FALSE
Road Fire,Y,2021-07-22T13:12:43Z,2021-07-10T13:38:19Z,Cleveland National Forest,,San Diego,Japatul Valley Road and I-8 in San Diego County,86,100,,Cleveland National Forest,-116.6253,32.82731,Wildfire,f4c4de41-d8d4-4c66-9d9f-4f1ba285bf59,https://osfm.fire.ca.gov/incidents/2021/7/10/road-fire/,2021-07-17T13:12:30Z,7/17/21,7/10/21,N,FALSE,FALSE
Diablo Fire,Y,2021-07-11T16:22:34Z,2021-07-11T09:22:05Z,CAL FIRE Contra Costa-Alameda-Santa Clara unit,,Contra Costa,"Vasco Road and Camino Diablo, south of Byron in Contra Costa County.",128,100,,,-121.667665,37.865193,Wildfire,215529d8-6c0a-4dfa-8d6f-342a5666e1f2,https://osfm.fire.ca.gov/incidents/2021/7/11/diablo-fire/,2021-07-11T16:22:18Z,7/11/21,7/11/21,N,TRUE,FALSE
Bear Fire,Y,2021-08-18T14:05:04Z,2021-07-11T13:29:14Z,Kern County Fire,,Kern,Interstate 5 and Bear Trap Road in Kern County.,71,100,,Kern County Fire,-118.81448,34.85178,Wildfire,4fde57bd-089f-4c24-b224-b60306e1648d,https://osfm.fire.ca.gov/incidents/2021/7/11/bear-fire/,2021-07-12T14:04:51Z,7/12/21,7/11/21,N,FALSE,FALSE
River Fire,Y,2021-07-19T18:40:14Z,2021-07-11T14:10:26Z,CAL FIRE Madera-Mariposa-Merced,,Mariposa,Oak Grove Road and Oak Grove School Road,9656,100,,"Animal Evacuations information: Madera County, Animal Evacuations information: Mariposa County, Red Cross:, Information Line, Media Line, Cooperating Agencies: CHP, Madera Sheriff, Mariposa Sheriff, Madera Co Roads, Mariposa Co Roads, PG&E, Madera County Fire, Mariposa County Fire, Merced County Fire, CAL OES, USFS, American Red Cross, Central California Animal Disaster Team",-119.869785,37.350823,Wildfire,2acb95c8-7a0b-4bfc-9174-6da944037bf2,https://osfm.fire.ca.gov/incidents/2021/7/11/river-fire/,2021-07-19T18:39:33Z,7/19/21,7/11/21,N,TRUE,FALSE
Bradley Fire,Y,2021-07-15T15:59:44Z,2021-07-11T15:08:43Z,Shasta Trinity National Forest,,Siskiyou,"Highway 89 and Harris Spring Road, east of McCloud in Siskiyou County.",357,100,,Shasta Trinity National Forest ,-121.82403,41.25272,Wildfire,a191b2bc-5dee-4511-b34b-ca06ef62b5ab,https://osfm.fire.ca.gov/incidents/2021/7/11/bradley-fire/,2021-07-15T15:59:36Z,7/15/21,7/11/21,N,FALSE,FALSE
Dexter Fire,Y,2021-07-30T09:44:02Z,2021-07-12T14:04:02Z,Inyo National Forest,,Mono,"Wickie Up Rd and Pilot Springs Rd, northeast of Mammoth Lakes",2965,100,,Inyo National Forest ,-118.8745,37.8024,Wildfire,4b66f232-6ab8-4e00-9f8b-957296920ed9,https://osfm.fire.ca.gov/incidents/2021/7/12/dexter-fire/,2021-07-30T09:43:42Z,7/30/21,7/12/21,N,FALSE,FALSE
Dixie Fire,N,2021-10-02T08:00:13Z,2021-07-13T17:15:00Z,Lassen National Forest and National Park Service,,Butte,"Above the Cresta Dam, Feather River Canyon",,,,"Butte County Sheriff Office , Butte County Sheriff's Office, Plumas County Sheriff's Office, Lassen County Sheriff's Office, Tehama County Sheriff's Office, Shasta County Sheriff's Office, CHP, PG&E, CAL OES, CAL-EMSA, California National Guard, California Conservation Corps, CAL TRANS, Sierra Pacific Industries, W.M. Beaty and Associates, Collins Pine, California Department of Corrections, Burlington Northern Santa Fe Railroad, Union Pacific Railroad",-121.389439,39.871306,Wildfire,00016d5d-1647-49e4-a02a-abf46b8480ae,https://osfm.fire.ca.gov/incidents/2021/7/13/dixie-fire/,,,7/13/21,Y,FALSE,FALSE
Dixie Fire,N,2021-10-02T08:00:13Z,2021-07-13T17:15:00Z,Lassen National Forest and National Park Service,,Plumas,"Above the Cresta Dam, Feather River Canyon",,,,"Butte County Sheriff Office , Butte County Sheriff's Office, Plumas County Sheriff's Office, Lassen County Sheriff's Office, Tehama County Sheriff's Office, Shasta County Sheriff's Office, CHP, PG&E, CAL OES, CAL-EMSA, California National Guard, California Conservation Corps, CAL TRANS, Sierra Pacific Industries, W.M. Beaty and Associates, Collins Pine, California Department of Corrections, Burlington Northern Santa Fe Railroad, Union Pacific Railroad",-121.389439,39.871306,Wildfire,00016d5d-1647-49e4-a02a-abf46b8480ae,https://osfm.fire.ca.gov/incidents/2021/7/13/dixie-fire/,,,7/13/21,Y,FALSE,FALSE
Dixie Fire,N,2021-10-02T08:00:13Z,2021-07-13T17:15:00Z,Lassen National Forest and National Park Service,,Shasta,"Above the Cresta Dam, Feather River Canyon",,,,"Butte County Sheriff Office , Butte County Sheriff's Office, Plumas County Sheriff's Office, Lassen County Sheriff's Office, Tehama County Sheriff's Office, Shasta County Sheriff's Office, CHP, PG&E, CAL OES, CAL-EMSA, California National Guard, California Conservation Corps, CAL TRANS, Sierra Pacific Industries, W.M. Beaty and Associates, Collins Pine, California Department of Corrections, Burlington Northern Santa Fe Railroad, Union Pacific Railroad",-121.389439,39.871306,Wildfire,00016d5d-1647-49e4-a02a-abf46b8480ae,https://osfm.fire.ca.gov/incidents/2021/7/13/dixie-fire/,,,7/13/21,Y,FALSE,FALSE
Dixie Fire,N,2021-10-02T08:00:13Z,2021-07-13T17:15:00Z,Lassen National Forest and National Park Service,,Lassen,"Above the Cresta Dam, Feather River Canyon",,,,"Butte County Sheriff Office , Butte County Sheriff's Office, Plumas County Sheriff's Office, Lassen County Sheriff's Office, Tehama County Sheriff's Office, Shasta County Sheriff's Office, CHP, PG&E, CAL OES, CAL-EMSA, California National Guard, California Conservation Corps, CAL TRANS, Sierra Pacific Industries, W.M. Beaty and Associates, Collins Pine, California Department of Corrections, Burlington Northern Santa Fe Railroad, Union Pacific Railroad",-121.389439,39.871306,Wildfire,00016d5d-1647-49e4-a02a-abf46b8480ae,https://osfm.fire.ca.gov/incidents/2021/7/13/dixie-fire/,,,7/13/21,Y,FALSE,FALSE
Dixie Fire,N,2021-10-02T08:00:13Z,2021-07-13T17:15:00Z,Lassen National Forest and National Park Service,,Tehama,"Above the Cresta Dam, Feather River Canyon",,,,"Butte County Sheriff Office , Butte County Sheriff's Office, Plumas County Sheriff's Office, Lassen County Sheriff's Office, Tehama County Sheriff's Office, Shasta County Sheriff's Office, CHP, PG&E, CAL OES, CAL-EMSA, California National Guard, California Conservation Corps, CAL TRANS, Sierra Pacific Industries, W.M. Beaty and Associates, Collins Pine, California Department of Corrections, Burlington Northern Santa Fe Railroad, Union Pacific Railroad",-121.389439,39.871306,Wildfire,00016d5d-1647-49e4-a02a-abf46b8480ae,https://osfm.fire.ca.gov/incidents/2021/7/13/dixie-fire/,,,7/13/21,Y,FALSE,FALSE
Cannon Fire,Y,2021-07-16T18:56:00Z,2021-07-14T15:18:48Z,CAL FIRE Tehama-Glen Unit,,Tehama,"Vestal Road and Pope Drive, west of Red Bluff",43,100,,,-122.64768,40.1703,Wildfire,925dcb5b-1885-407d-b441-10765a31ce97,https://osfm.fire.ca.gov/incidents/2021/7/14/cannon-fire/,2021-07-16T18:55:38Z,7/16/21,7/14/21,N,TRUE,FALSE
Dolicini Fire,Y,2021-07-15T07:13:11Z,2021-07-14T15:34:10Z,Marin County Fire Department,,Marin,"Point Reyes-Petaluma Rd and Nicasio Valley Rd, northeast of Nicasio Reservoir",35,100,,Marin County Fire Department ,-122.7418335,38.0975072,Wildfire,f62a9df9-8661-46de-88de-0b76128e0673,https://osfm.fire.ca.gov/incidents/2021/7/14/dolicini-fire/,2021-07-15T07:13:02Z,7/15/21,7/14/21,N,TRUE,FALSE
Henry Fire,Y,2021-07-30T09:47:58Z,2021-06-25T19:53:41Z,Stanislaus National Forest,,Alpine,"East of Lake Alpine, Carson-Iceberg Wilderness",1320,100,,Henry Fire Information,-119.7512546,38.4504695,Wildfire,511f1793-96a5-4866-a993-1d271e03b076,https://osfm.fire.ca.gov/incidents/2021/6/25/henry-fire/,2021-07-30T09:47:10Z,7/30/21,6/25/21,N,FALSE,FALSE
Border 13 Fire,Y,2021-07-16T10:03:37Z,2021-07-15T16:02:27Z,CAL FIRE/San Diego County Fire,,San Diego,"188 and Tecate Mission Rd, Potrero Canyon",30,100,,,-116.634023,32.578481,Wildfire,354a2576-907f-43a2-b152-46355e2bf94a,https://osfm.fire.ca.gov/incidents/2021/7/15/border-13-fire/,,,7/15/21,N,TRUE,FALSE
Tamarack Fire,N,2021-09-07T15:14:02Z,2021-07-04T11:57:58Z,Humboldt-Toiyabe National Forest,,Alpine,"Pleasant Valley, Southwest of Markleeville",,,,Humboldt-Toiyabe National Forest,-119.8591887,38.6280042,Wildfire,3a281cd5-4d2b-47a7-89b7-1194e921805a,https://osfm.fire.ca.gov/incidents/2021/7/4/tamarack-fire/,,,7/4/21,Y,FALSE,FALSE
Fork Fire,Y,2021-07-20T15:37:00Z,2021-07-17T17:40:13Z,CAL FIRE Tehama-Glen Unit,,Tehama,Lowery Rd and South Fork Dr,43,100,,,-122.55195,39.999396,Wildfire,396abb9e-a291-4183-b0f6-798a5438868c,https://osfm.fire.ca.gov/incidents/2021/7/17/fork-fire/,2021-07-20T15:36:44Z,7/20/21,7/17/21,N,TRUE,FALSE
Chicken Fire,Y,2021-07-22T09:10:11Z,2021-07-18T13:34:00Z,Bureau of Land Management Northern California District,,Lassen,"Juniper Tree Road and Juniper Ridge Road, East of Termo",55,100,,,-120.45187,40.86955,Wildfire,35d04cb5-0455-4d36-b857-d7952670aef0,https://osfm.fire.ca.gov/incidents/2021/7/18/chicken-fire/,2021-07-22T09:06:48Z,7/22/21,7/18/21,N,FALSE,FALSE
Quail Fire,Y,2021-07-21T15:55:48Z,2021-07-20T13:52:41Z,CAL FIRE/Riverside County Fire Department,,Riverside,"Gilman Springs Rd and Eden Hot Springs Rd, East of Moreno Valley",50,100,,CAL FIRE/Riverside County Fire Department ,-117.070814,33.889516,Wildfire,3989e25c-3790-44d5-bf6d-50ca3fd04d95,https://osfm.fire.ca.gov/incidents/2021/7/20/quail-fire/,,,7/20/21,N,TRUE,FALSE
Peak Fire,Y,2021-08-17T11:55:25Z,2021-07-20T11:40:00Z,Bureau Land Management,,Kern,"Walker Basin Road and Piute Mountain Road, South of Lake Isabella",2098,100,,Bureau of Land Management Nothern California District ,-118.46461,35.41153,Wildfire,fc8bd27a-c3c8-405d-b13a-d9a1396206e3,https://osfm.fire.ca.gov/incidents/2021/7/20/peak-fire/,2021-08-13T11:55:13Z,8/13/21,7/20/21,N,FALSE,FALSE
Frenchtown Fire,Y,2021-07-22T07:22:14Z,2021-07-20T16:36:32Z,CAL FIRE Nevada-Yuba-Placer Unit,,Yuba,"Frenchtown Dobbins Road and Seward Lane, west of Dobbins in Yuba County.",45,100,,"CAL FIRE Nevada-Yuba-Placer Unit, ",-121.24684,39.383922,Wildfire,8f768137-0c58-45e5-a8dd-1df9ecc7870f,https://osfm.fire.ca.gov/incidents/2021/7/20/frenchtown-fire/,2021-07-22T07:22:01Z,7/22/21,7/20/21,N,TRUE,FALSE
Mountain Fire,Y,2021-07-24T16:56:31Z,2021-07-23T00:00:00Z,,,Trinity,"Island Mountain Rd x Raff Creek Rd, southeast of Alderpoint",25,100,,,-123.505,39.976,Fire,c8991faa-8d15-4d4c-b3a1-92f58f784420,https://osfm.fire.ca.gov/incidents/2021/7/23/mountain-fire/,,,7/23/21,N,TRUE,FALSE
Park Fire,Y,2021-08-17T11:54:17Z,2021-07-26T00:00:00Z,Sequoia National Forest,,Tulare,"Balch Park Rd and Bear Creek Dr, northeast of Springville",100,100,,Sequoia National Forest,-118.722167,36.199833,Wildfire,caf0f448-cdb3-4dc2-a247-35f6f4b41cb3,https://osfm.fire.ca.gov/incidents/2021/7/26/park-fire/,2021-07-31T08:00:00Z,7/31/21,7/26/21,N,FALSE,FALSE
Pinnacles Fire,Y,2021-09-12T10:36:17Z,2021-07-28T00:00:00Z,CAL FIRE San Benito-Monterey Unit ,,Monterey,"Hwy 146 Pinnacles West , East of Soledad",171,100,,,-121.224797,36.476664,Wildfire,200d07c4-0457-4421-875b-4140d482a03e,https://osfm.fire.ca.gov/incidents/2021/7/28/pinnacles-fire/,2021-07-31T19:21:56Z,7/31/21,7/28/21,N,TRUE,FALSE
Evans Fire,Y,2021-08-17T11:56:06Z,2021-07-29T19:14:42Z,Plumas National Forest,,Plumas,"Evans Peak and Cooks Creek, northeast of Greenville in Plumas County.",85,100,,Plumas National Forest,-120.8468224,40.183504,Wildfire,ef12ac40-d6fb-4871-97ec-c06d0ce51efd,https://osfm.fire.ca.gov/incidents/2021/7/29/evans-fire/,2021-08-08T11:55:53Z,8/8/21,7/29/21,N,FALSE,FALSE
McFarland Fire,Y,2021-09-20T08:26:23Z,2021-07-30T18:44:00Z,Shasta-Trinity National Forest,,Shasta,"McFarland Ridge and Baker Flat, west of Platina",122653,100,,Shasta-Trinity National Forest,-123.034,40.35,Fire,d0174b70-8652-4242-bf7f-b00e98a48319,https://osfm.fire.ca.gov/incidents/2021/7/30/mcfarland-fire/,2021-09-16T18:00:00Z,9/16/21,7/30/21,N,FALSE,FALSE
McFarland Fire,Y,2021-09-20T08:26:23Z,2021-07-30T18:44:00Z,Shasta-Trinity National Forest,,Trinity,"McFarland Ridge and Baker Flat, west of Platina",122653,100,,Shasta-Trinity National Forest,-123.034,40.35,Fire,d0174b70-8652-4242-bf7f-b00e98a48319,https://osfm.fire.ca.gov/incidents/2021/7/30/mcfarland-fire/,2021-09-16T18:00:00Z,9/16/21,7/30/21,N,FALSE,FALSE
McFarland Fire,Y,2021-09-20T08:26:23Z,2021-07-30T18:44:00Z,Shasta-Trinity National Forest,,Tehama,"McFarland Ridge and Baker Flat, west of Platina",122653,100,,Shasta-Trinity National Forest,-123.034,40.35,Fire,d0174b70-8652-4242-bf7f-b00e98a48319,https://osfm.fire.ca.gov/incidents/2021/7/30/mcfarland-fire/,2021-09-16T18:00:00Z,9/16/21,7/30/21,N,FALSE,FALSE
Robie Fire,Y,2021-08-17T21:04:40Z,2021-07-30T00:00:00Z,CAL FIRE Tuolumne-Calaveras,,Calaveras,"Milton Road and Main Street, South of Valley Springs in Calaveras County.",153,100,,CAL FIRE Tuolumne-Calaveras ,-120.867498,38.054116,Wildfire,47070a62-2ef3-44a9-8b98-a20e0e574f97,https://osfm.fire.ca.gov/incidents/2021/7/30/robie-fire/,2021-08-01T17:39:59Z,8/1/21,7/30/21,N,FALSE,FALSE
Hungry Fire,Y,2021-08-06T15:46:55Z,2021-07-31T00:00:00Z,Ventura County Fire,,Los Angeles,"Quail Canyon Road and Goldhill Road, South of Frazer Park in Los Angeles County.",340,100,,Ventura County Fire ,-118.8217926,34.7479248,Wildfire,161f6906-6799-45ae-b6ca-c1d470050d81,https://osfm.fire.ca.gov/incidents/2021/7/31/hungry-fire/,2021-08-01T09:36:42Z,8/1/21,7/31/21,N,FALSE,FALSE
Tobin Fire,Y,2021-07-31T22:39:47Z,2021-07-31T17:10:53Z,CAL FIRE San Luis Obispo,,San Luis Obispo,"Highway 46 East and Union Road, East of Paso Robles in San Luis Obispo County.",75,100,,CAL FIRE San Luis Obispo,-120.560856,35.65927,Wildfire,f9322f4b-03e1-4558-a920-f7318909de93,https://osfm.fire.ca.gov/incidents/2021/7/31/tobin-fire/,,,7/31/21,N,TRUE,FALSE
Antelope Fire,N,2021-09-07T15:10:43Z,2021-08-01T11:28:25Z,Klamath National Forest,,Siskiyou,"Antelope Creek and Forest Road 41N28, south of Tennant",,,,Klamath National Forest,-121.9154934,41.5289901,Wildfire,dc3380c7-ff32-4062-a4e8-be99b655f2c6,https://osfm.fire.ca.gov/incidents/2021/8/1/antelope-fire/,,,8/1/21,Y,FALSE,FALSE
Hiding Fire,Y,2021-08-05T09:33:01Z,2021-08-01T00:00:00Z,CAL FIRE Shasta-Trinity Unit,,Shasta,"Dale Ln and Panther Rd, south of Cloverdale",50,100,,,-122.482826,40.466364,Wildfire,61f3264e-f89f-42cc-820d-0e0a5ee29cdd,https://osfm.fire.ca.gov/incidents/2021/8/1/hiding-fire/,2021-08-01T20:47:13Z,8/1/21,8/1/21,N,TRUE,FALSE
Monument Fire,N,2021-10-07T08:15:40Z,2021-07-30T12:28:00Z,Shasta Trinity National Forest,,Trinity,"Del Loma, CA near Monument Peak",,,,"Shasta Trinity National Forest, Cooperating Agencies: California Highway Patrol, CalTrans, Trinity County Sheriff’s, Trinity County OES, Trinity County Public Utilities District, California Department of Corrections and Rehabilitation, California Conservation Corps, California National Guard, California Governor’s Office of Emergency Services, Hayfork Fire, Weaverville Fire, Junction City Fire, State of Washington, State of Arizona, State of Oklahoma, State of Alaska, State of Wisconsin, State of New Hampshire, State of Kentucky, State of Montana",-123.337,40.752,Wildfire,1d1bb813-5955-438a-a2cd-0e2d46074f1a,https://osfm.fire.ca.gov/incidents/2021/7/30/monument-fire/,,,7/30/21,Y,FALSE,FALSE
River Complex,N,2021-09-07T15:13:30Z,2021-07-30T18:17:40Z,Klamath National Forest,,Siskiyou,"Scott Salmon Ranger District, west of Callahan",,,,Klamath National Forest,-123.057,41.389,Wildfire,9284625d-a9bd-447b-b215-a40fe4a52697,https://osfm.fire.ca.gov/incidents/2021/7/30/river-complex/,,,7/30/21,Y,FALSE,FALSE
River Complex,N,2021-09-07T15:13:30Z,2021-07-30T18:17:40Z,Klamath National Forest,,Trinity,"Scott Salmon Ranger District, west of Callahan",,,,Klamath National Forest,-123.057,41.389,Wildfire,9284625d-a9bd-447b-b215-a40fe4a52697,https://osfm.fire.ca.gov/incidents/2021/7/30/river-complex/,,,7/30/21,Y,FALSE,FALSE
Antonio Fire,Y,2021-08-17T11:50:56Z,2021-08-03T13:02:00Z,Angeles National Forest,,Los Angeles,"Glendora Ridge Rd and Sunset Peak, west of Mt. Baldy",50,100,,Angeles National Forest,-117.65989,34.23604,Wildfire,bd71d34c-3ce0-419d-a2fe-2ef46a750e06,https://osfm.fire.ca.gov/incidents/2021/8/3/antonio-fire/,2021-08-16T08:00:00Z,8/16/21,8/3/21,N,FALSE,FALSE
House Fire,Y,2021-08-10T20:50:09Z,2021-08-04T00:00:00Z,CAL FIRE Shasta Trinity Unit,,Shasta,"Highway 299 and Tollhouse Road, West of Redding",60,100,,,-122.506112,40.604986,Wildfire,1704f47a-b2bc-43fc-8c49-e62ffaf6021e,https://osfm.fire.ca.gov/incidents/2021/8/4/house-fire/,2021-08-10T20:50:02Z,8/10/21,8/4/21,N,TRUE,FALSE
River Fire,Y,2021-08-13T19:54:37Z,2021-08-04T00:00:00Z,CAL FIRE Nevada-Yuba-Placer Unit,,Nevada,"Milk Ranch Road and Bear River Campground Road, north of Applegate",2619,100,,"CAL FIRE Nevada-Yuba-Placer Unit, Nevada County OES, Placer County Sheriff, Placer County Evacuation Map, Nevada County Evacuation Map",-121.01468,39.08805,Wildfire,178aba5f-4c67-4830-891d-b8fec84706da,https://osfm.fire.ca.gov/incidents/2021/8/4/river-fire/,2021-08-13T19:54:07Z,8/13/21,8/4/21,N,TRUE,FALSE
River Fire,Y,2021-08-13T19:54:37Z,2021-08-04T00:00:00Z,CAL FIRE Nevada-Yuba-Placer Unit,,Placer,"Milk Ranch Road and Bear River Campground Road, north of Applegate",2619,100,,"CAL FIRE Nevada-Yuba-Placer Unit, Nevada County OES, Placer County Sheriff, Placer County Evacuation Map, Nevada County Evacuation Map",-121.01468,39.08805,Wildfire,178aba5f-4c67-4830-891d-b8fec84706da,https://osfm.fire.ca.gov/incidents/2021/8/4/river-fire/,2021-08-13T19:54:07Z,8/13/21,8/4/21,N,TRUE,FALSE
Hambone Fire,Y,2021-08-18T14:50:08Z,2021-08-06T11:11:37Z,Shasta-Trinity National Forest,,Siskiyou,Lave Spur and Hambone Island,55,100,,,-121.53946,41.68499,Wildfire,2ea37798-e198-4f1c-92c6-81c42beff3de,https://osfm.fire.ca.gov/incidents/2021/8/6/hambone-fire/,,,8/6/21,N,FALSE,FALSE
Nelson Fire,Y,2021-08-13T08:44:56Z,2021-08-07T00:00:00Z,CAL FIRE/ Shasta-Trinity Unit,,Shasta,Nelson Creek Rd and Summit Lake Rd,20,100,,"Shasta County Fire Department, United States Forest Service, Burney Fire  Protection District, Shasta County Sheriff’s Office",-121.89008,41.034362,Wildfire,0249ff45-1a71-4a4f-88a7-6c1fc7a9aa20,https://osfm.fire.ca.gov/incidents/2021/8/7/nelson-fire/,2021-08-13T08:44:38Z,8/13/21,8/7/21,N,TRUE,FALSE
Glen Fire,Y,2021-08-21T07:56:16Z,2021-08-11T00:00:00Z,CAL FIRE Nevada-Yuba-Placer Unit,,Yuba,"Willow Glen Rd and Meadow Ln , northwest of Dobbins",184,100,,,-121.30845,39.403918,Wildfire,a26becf4-249f-451e-b8a3-e55032e6df61,https://osfm.fire.ca.gov/incidents/2021/8/11/glen-fire/,2021-08-21T20:07:35Z,8/21/21,8/11/21,N,TRUE,FALSE
Middle Fire,Y,2021-08-13T20:53:36Z,2021-08-13T00:00:00Z,CAL FIRE Sonoma Lake Napa Unit,,Sonoma,"Middle Two Rock Road and Succetti Road, west of Petaluma in Sonoma County.",22,100,,CAL FIRE Sonoma Lake Napa Unit,-122.727542,38.250596,Wildfire,262f815e-e1b4-42d8-8889-6bb4638703e4,https://osfm.fire.ca.gov/incidents/2021/8/13/middle-fire/,,,8/13/21,N,TRUE,FALSE
Coyote Fire,Y,2021-08-15T21:47:04Z,2021-08-13T00:00:00Z,CAL FIRE Sonoma-Lake-Napa Unit,,Lake,"State Highway 29 and Spruce Grove Road, Hidden Valley Lake in Lake County",127,100,,,-122.581257,38.826123,Wildfire,e8842a17-4f53-4803-9350-838ec34e66e9,https://osfm.fire.ca.gov/incidents/2021/8/13/coyote-fire/,2021-08-15T21:46:50Z,8/15/21,8/13/21,N,TRUE,FALSE
Bell Fire,Y,2021-08-19T19:48:26Z,2021-08-14T00:00:00Z,CAL FIRE Mendocino Unit,,Mendocino,"Bell Springs Road and Foster Creek Road, east of Leggett",50,100,,,-123.637032,39.834099,Wildfire,3657f103-fe9f-4bfc-a09e-9aa291301266,https://osfm.fire.ca.gov/incidents/2021/8/14/bell-fire/,2021-08-19T19:48:14Z,8/19/21,8/14/21,N,TRUE,FALSE
Caldor Fire,N,2021-10-14T09:02:44Z,2021-08-14T18:54:00Z,El Dorado National Forest,,El Dorado,"East of Omo Ranch, South of the community of Grizzly Flats",,,,"El Dorado National Forest, El Dorado County Sheriff's Office, Pioneer Fire District , Cooperating Agencies: El Dorado County Sheriff’s Office, Sierra Pacific Industries, Pioneer FD, PG&E, CHP, El Dorado Irrigation District, El Dorado County, Grizzly Flats Community Service District, SMUD, Amador County Sheriff’s Office, AT&T, Georgetown FD, CALTRANS, Indian Diggins School District, El Dorado County FD, Grizzly Flats Water District, Volcano Telephone, Placerville FD, El Dorado County DOT, Mosquito FD, Garden Valley FD, Cal OES Fire, El Dorado County EMSA, El Dorado County Office of Education, Marshall Medical Center, Shingle Springs Band of Miwok Indians FD, State Water Resources Control Board, KAMPS, El Dorado County Department of Agriculture, Barton Health, CAL EPA, Lake Valley Fire District, and Verizon, USFS Forest Information , El Dorado National Forest, Lake Tahoe Basin Management Unit",-120.537833,38.586,Wildfire,a21c4d1f-87ed-4db1-85ea-eae41c90a0ac,https://osfm.fire.ca.gov/incidents/2021/8/14/caldor-fire/,,,8/14/21,Y,FALSE,FALSE
Caldor Fire,N,2021-10-14T09:02:44Z,2021-08-14T18:54:00Z,El Dorado National Forest,,Alpine,"East of Omo Ranch, South of the community of Grizzly Flats",,,,"El Dorado National Forest, El Dorado County Sheriff's Office, Pioneer Fire District , Cooperating Agencies: El Dorado County Sheriff’s Office, Sierra Pacific Industries, Pioneer FD, PG&E, CHP, El Dorado Irrigation District, El Dorado County, Grizzly Flats Community Service District, SMUD, Amador County Sheriff’s Office, AT&T, Georgetown FD, CALTRANS, Indian Diggins School District, El Dorado County FD, Grizzly Flats Water District, Volcano Telephone, Placerville FD, El Dorado County DOT, Mosquito FD, Garden Valley FD, Cal OES Fire, El Dorado County EMSA, El Dorado County Office of Education, Marshall Medical Center, Shingle Springs Band of Miwok Indians FD, State Water Resources Control Board, KAMPS, El Dorado County Department of Agriculture, Barton Health, CAL EPA, Lake Valley Fire District, and Verizon, USFS Forest Information , El Dorado National Forest, Lake Tahoe Basin Management Unit",-120.537833,38.586,Wildfire,a21c4d1f-87ed-4db1-85ea-eae41c90a0ac,https://osfm.fire.ca.gov/incidents/2021/8/14/caldor-fire/,,,8/14/21,Y,FALSE,FALSE
Caldor Fire,N,2021-10-14T09:02:44Z,2021-08-14T18:54:00Z,El Dorado National Forest,,Amador,"East of Omo Ranch, South of the community of Grizzly Flats",,,,"El Dorado National Forest, El Dorado County Sheriff's Office, Pioneer Fire District , Cooperating Agencies: El Dorado County Sheriff’s Office, Sierra Pacific Industries, Pioneer FD, PG&E, CHP, El Dorado Irrigation District, El Dorado County, Grizzly Flats Community Service District, SMUD, Amador County Sheriff’s Office, AT&T, Georgetown FD, CALTRANS, Indian Diggins School District, El Dorado County FD, Grizzly Flats Water District, Volcano Telephone, Placerville FD, El Dorado County DOT, Mosquito FD, Garden Valley FD, Cal OES Fire, El Dorado County EMSA, El Dorado County Office of Education, Marshall Medical Center, Shingle Springs Band of Miwok Indians FD, State Water Resources Control Board, KAMPS, El Dorado County Department of Agriculture, Barton Health, CAL EPA, Lake Valley Fire District, and Verizon, USFS Forest Information , El Dorado National Forest, Lake Tahoe Basin Management Unit",-120.537833,38.586,Wildfire,a21c4d1f-87ed-4db1-85ea-eae41c90a0ac,https://osfm.fire.ca.gov/incidents/2021/8/14/caldor-fire/,,,8/14/21,Y,FALSE,FALSE
Walkers Fire,Y,2021-09-20T08:41:18Z,2021-08-16T16:05:54Z,Sequoia National Forest,,Tulare,"North of Alpine Creek, northeast of Springville",8777,100,,Sequoia National Forest ,-118.555,36.268,Wildfire,2eae3252-74cd-4e96-b25a-20ed828395e2,https://osfm.fire.ca.gov/incidents/2021/8/16/walkers-fire/,2021-09-17T17:45:50Z,9/17/21,8/16/21,N,FALSE,FALSE
Cache Fire,Y,2021-09-16T08:29:26Z,2021-08-18T12:34:00Z,Lake County Fire Protection District,,Lake,"Dam Rd and Wilkinson Ave, Clearlake",83,100,,"Lake County Fire Protection District, Lake County Sheriff’s Office ",-122.601395,38.928133,Wildfire,8e3e3fe1-669f-4cf8-80ee-c8df14929a22,https://osfm.fire.ca.gov/incidents/2021/8/18/cache-fire/,2021-08-23T07:00:00Z,8/23/21,8/18/21,N,FALSE,FALSE
McCash Fire,N,2021-09-07T15:09:33Z,2021-08-18T08:50:00Z,Six Rivers National Forest,,Siskiyou,Ten Bear Mtn McCash Creek,,,,Six Rivers National Forest ,-123.404,41.564,Fire,87b59fb2-01f9-4469-8578-87c55b090eac,https://osfm.fire.ca.gov/incidents/2021/8/18/mccash-fire/,,,8/18/21,Y,FALSE,FALSE
French Fire,N,2021-09-07T15:08:55Z,2021-08-18T18:20:00Z,Kern County Fire,,Kern,"Sawmill Rd and NF-25S02, 5 west of Lake Isabella",,,,"Kern County Fire , Sequoia National Forest, Central California District Bureau of Land Management, ",-118.501515,35.674926,Wildfire,11804a96-faa3-4671-b420-6591e4e95f49,https://osfm.fire.ca.gov/incidents/2021/8/18/french-fire/,,,8/18/21,Y,FALSE,FALSE
Rock Fire,Y,2021-08-27T19:35:23Z,2021-08-24T13:38:00Z,CAL FIRE/Riverside County Fire Department,,Riverside,"Gulley View Rd and Rock Canyon Rd, Anza",295,100,,CAL FIRE/Riverside County Fire Department,-116.659688,33.474823,Wildfire,46498648-eff1-492f-b88f-1826ecd224a6,https://osfm.fire.ca.gov/incidents/2021/8/24/rock-fire/,2021-08-27T19:35:10Z,8/27/21,8/24/21,N,TRUE,FALSE
Mule Fire,Y,2021-08-25T20:05:04Z,2021-08-25T00:00:00Z,CAL FIRE Shasta-Trinity Unit,,Shasta,"Placer Rd & Muletown Rd, southwest of Redding",10,100,,,-122.514391,40.616416,Wildfire,f19d2b70-1d83-4abc-a173-7b00584e1c49,https://osfm.fire.ca.gov/incidents/2021/8/25/mule-fire/,2021-08-25T20:04:50Z,8/25/21,8/25/21,N,TRUE,FALSE
Airola Fire,Y,2021-09-04T07:12:08Z,2021-08-25T14:55:00Z,CAL FIRE Tuolumne-Calaveras Unit,,Calaveras,"Parrotts Ferry Rd and Airola Rd, west of Columbia",639,100,,"Cooperating Agencies: California Highway Patrol, Calaveras County Sheriff’s, Calaveras County OES, California Department of Corrections and Rehabilitation, California Conservation Corps",-120.454797,38.038795,Wildfire,7b6a10b8-58fb-4906-ad11-dc88fe5b7872,https://osfm.fire.ca.gov/incidents/2021/8/25/airola-fire/,2021-09-04T07:11:43Z,9/4/21,8/25/21,N,TRUE,FALSE
South Fire,Y,2021-09-02T15:25:24Z,2021-08-25T16:11:00Z,San Bernardino National Forest,,San Bernardino,"North of Glen Helen, east of Sierra Ave. and Lytle Creek Rd. west of the 15 Fwy.",819,100,,"San Bernardino National Forest , San Bernardino NF link to Inciweb: ",-117.440263,34.186147,Wildfire,4cfd11fa-b33f-4de6-8d17-bbaa27b2c9cb,https://osfm.fire.ca.gov/incidents/2021/8/25/south-fire/,2021-09-02T15:25:13Z,9/2/21,8/25/21,N,FALSE,FALSE
Westward Fire,Y,2021-08-28T09:51:08Z,2021-08-25T14:17:00Z,CAL FIRE Riverside Unit,,Riverside,"South San Gorgonio Ave and 4th street, Banning",160,100,,Riverside County Westward Fire Fact Sheet,-116.877776,33.918089,Wildfire,8cfa988a-cf5d-418c-8d4d-e0be072e397c,https://osfm.fire.ca.gov/incidents/2021/8/25/westward-fire/,2021-08-28T09:24:00Z,8/28/21,8/25/21,N,TRUE,FALSE
Bennett Fire,Y,2021-08-28T20:00:54Z,2021-08-25T15:33:00Z,"Unified Command: CAL FIRE Nevada-Yuba-Placer Unit, Nevada County Consolidated Fire District and Grass Valley Fire Department",,Nevada,"East Bennett Rd and Lava Rock Ave, Grass Valley",59,100,,,-121.040771,39.216752,Wildfire,69c42b3f-a4ec-47d2-a856-e4f8bc71c6cc,https://osfm.fire.ca.gov/incidents/2021/8/25/bennett-fire/,,,8/25/21,N,TRUE,FALSE
Washington Fire,Y,2021-09-03T08:03:02Z,2021-08-26T13:20:00Z,Unified Command: CAL FIRE Tuolumne-Calaveras Unit & City of Sonora,,Tuolumne,"Golf Links Road and Highway 108, West of Sonora",100,100,,"California Highway Patrol, Calaveras County Sheriff’s, Calaveras County OES, California Department of Corrections and Rehabilitation, California Conservation Corps, City of Sonora, Stanislaus County, Copperopolis Fire",-120.402221,37.962933,Wildfire,726eeb97-b91c-4555-a180-be16e599466f,https://osfm.fire.ca.gov/incidents/2021/8/26/washington-fire/,2021-09-01T19:34:51Z,9/1/21,8/26/21,N,TRUE,FALSE
Roadside Fire,Y,2021-09-02T20:02:23Z,2021-08-28T11:25:00Z,San Bernardino National Forest & San Bernardino County Fire,,San Bernardino,Cajon Pass near Keenbrook Road and Cajon Blvd.,50,100,,"San Bernardino National Forest, San Bernardino County Fire",-117.4546,34.25145,Wildfire,9f0d7a3b-ae47-42a5-b360-ea2f4141cad4,https://osfm.fire.ca.gov/incidents/2021/8/28/roadside-fire/,2021-09-02T20:01:42Z,9/2/21,8/28/21,N,FALSE,FALSE
Chaparral Fire,Y,2021-09-14T07:16:02Z,2021-08-28T12:40:00Z,Cleveland National Forest,,Riverside,Cleveland Forest Road and Tenaja Road southwest of Murrieta in San Diego County.,1427,100,,,-117.39309,33.484721,Wildfire,64a7c61a-5634-410a-a1c4-aeb97b2283e0,https://osfm.fire.ca.gov/incidents/2021/8/28/chaparral-fire/,2021-09-01T07:02:27Z,9/1/21,8/28/21,N,FALSE,FALSE
Chaparral Fire,Y,2021-09-14T07:16:02Z,2021-08-28T12:40:00Z,Cleveland National Forest,,San Diego,Cleveland Forest Road and Tenaja Road southwest of Murrieta in San Diego County.,1427,100,,,-117.39309,33.484721,Wildfire,64a7c61a-5634-410a-a1c4-aeb97b2283e0,https://osfm.fire.ca.gov/incidents/2021/8/28/chaparral-fire/,2021-09-01T07:02:27Z,9/1/21,8/28/21,N,FALSE,FALSE
Railroad Fire,Y,2021-09-08T08:06:31Z,2021-08-29T12:50:00Z,San Bernardino National Forest,,San Bernardino,Cajon Pass near NB I-15 and Baldy Mesa,61,100,,,-117.466,34.34,Fire,cd7d799d-cc81-4ffb-9d55-4e2b18b92d34,https://osfm.fire.ca.gov/incidents/2021/8/29/railroad-fire/,2021-09-02T08:06:01Z,9/2/21,8/29/21,N,FALSE,FALSE
Knob Fire,Y,2021-09-14T07:04:35Z,2021-08-29T08:00:00Z,Six Rivers National Forest,,Humboldt,"Friday Spur Rd & China Creek, south of Willow Creek",2421,100,,Six Rivers National Forest ,-123.6744,40.8652,Wildfire,d7b908db-7184-4f9e-923f-f811688cf4eb,https://osfm.fire.ca.gov/incidents/2021/8/29/knob-fire/,2021-09-13T07:00:00Z,9/13/21,8/29/21,N,FALSE,FALSE
K-Rail,Y,2021-09-08T16:25:10Z,2021-08-30T13:30:00Z,Six Rivers National Forest & Hoopa BIA,,Humboldt,"Tish Tang Ridge, southeast of Hoopa",16,100,,,-123.52733,41.03877,Wildfire,af05ba27-9105-4776-83a8-8ea786117476,https://osfm.fire.ca.gov/incidents/2021/8/30/k-rail/,2021-09-08T16:25:07Z,9/8/21,8/30/21,N,FALSE,FALSE
Lassen Fire,Y,2021-09-03T18:50:47Z,2021-09-01T14:27:00Z,Lead Agency: Marin County Fire,,Marin,Mt. Lassen Drive and Idylberry Road near Lucas Valley in Marin County.,44,100,,Marin County Fire,-122.6131992,38.0591827,Wildfire,254e4d5c-a750-41e0-bea3-9eb4597b0a13,https://osfm.fire.ca.gov/incidents/2021/9/1/lassen-fire/,,,9/1/21,N,TRUE,FALSE
Lawrence Fire,Y,2021-09-07T08:39:10Z,2021-09-05T10:40:20Z,CAL FIRE Amador-El Dorado Unit,,Amador,"Lawrence Road between Tyler Road and Cedar Creek Road, North of Fiddletown ",46,100,,"Cooperating Agencies: California Conservation Corps, Amador Fire Protection District, City of Ione Fire Department, Pioneer Fire Protection District, Diamond Springs-El Dorado Fire Protection District., Cameron Park Fire Department, El Dorado Hills Fire Department, El Dorado County Sheriff’s Office, Amador County Sheriff’s Office, Pacific Gas & Electric and California Highway Patrol ",-120.731748,38.529123,Wildfire,5ddee2f6-f32b-4664-a416-5cf4996290a5,https://osfm.fire.ca.gov/incidents/2021/9/5/lawrence-fire/,2021-09-07T08:39:06Z,9/7/21,9/5/21,N,TRUE,FALSE
Bridge Fire,Y,2021-09-14T18:21:02Z,2021-09-05T12:53:14Z,"Unified Command: CALFIRE Nevada-Placer Unit, Placer County Sheriff, California State Parks",,Placer,Under the Foresthill bridge in Auburn,411,100,,,-121.036613,38.921239,Wildfire,ff71cd3b-2261-4248-92fa-f24733cfdcfe,https://osfm.fire.ca.gov/incidents/2021/9/5/bridge-fire/,2021-09-14T18:20:39Z,9/14/21,9/5/21,N,TRUE,FALSE
Aruba Fire,Y,2021-09-09T16:47:57Z,2021-09-05T15:50:14Z,Unified Command: Cal Fire San Diego County and North County Fire Authority,,San Diego,Southeast of the community of Rainbow,54,100,,,-117.111157,33.380079,Wildfire,257ee7b8-fe14-45ac-ba58-4fae7003f6de,https://osfm.fire.ca.gov/incidents/2021/9/5/aruba-fire/,2021-09-09T16:46:17Z,9/9/21,9/5/21,N,FALSE,FALSE
Caballo Fire,Y,2021-09-08T16:25:36Z,2021-09-06T14:54:06Z,Lead Agency: Santa Barbara County Fire,,Santa Barbara,"Caballo Ln and Avenida Caballo, northeast of Los Olivos ",70,100,,,-120.09009,34.6776,Wildfire,6a36efca-0cb1-465f-be4d-06b3e3b528c1,https://osfm.fire.ca.gov/incidents/2021/9/6/caballo-fire/,2021-09-08T16:25:24Z,9/8/21,9/6/21,N,FALSE,FALSE
Route Fire,Y,2021-09-20T08:42:47Z,2021-09-11T16:06:47Z,USFS - Angeles National Forest,,Los Angeles,"Golden State Hwy and Templin Hwy, north of Templin Hwy ",464,100,,,-118.688821,34.569383,Wildfire,d3668f70-4e85-4962-8e8a-a0b8f1465500,https://osfm.fire.ca.gov/incidents/2021/9/11/route-fire/,2021-09-17T14:00:00Z,9/17/21,9/11/21,N,FALSE,FALSE
Hopkins Fire,Y,2021-09-20T17:10:09Z,2021-09-12T14:15:09Z,CAL FIRE Mendocino Unit ,,Mendocino,Hopkins St and North State St. near Calpella in Mendocino County. ,257,100,,"Cooperating Agencies:  Mendocino County Sheriff’s Office, California Highway Patrol, Caltrans, California Conservation Corp, Hopland Fire Department, Ukiah Valley Fire Authority, Redwood Valley-Calpella Fire Department, Redwood Coast Fire Department, Brooktrails Fire Department, Potter Valley Fire Department, Little Lake Valley Fire Department, MedStar Ambulance, California Department of Corrections and Rehabilitation, California National Guard, Brooktrails Fire Department, Laytonville Fire Department  ",-123.202039,39.232362,Wildfire,b7a4e6df-7cef-4920-a585-031324b404f4,https://osfm.fire.ca.gov/incidents/2021/9/12/hopkins-fire/,2021-09-20T17:09:58Z,9/20/21,9/12/21,N,TRUE,FALSE
Windy Fire,N,2021-09-28T14:23:33Z,2021-09-09T12:00:00Z,Sequoia National Forest / Tule River Indian Reservation,,Tulare,"South of Windy Creek, Red Hill Indian Reservation",,,,Sequoia National Forest,-118.625,36.058,Wildfire,cb9d8266-3c5e-4c42-97a8-fdf0fa69a6b1,https://osfm.fire.ca.gov/incidents/2021/9/9/windy-fire/,,,9/9/21,Y,FALSE,FALSE
KNP Complex,N,2021-09-14T10:00:14Z,2021-09-10T07:00:00Z,Sequoia & Kings Canyon National Parks,,Tulare,Sequoia National Park,,,,Sequoia National Park,-118.811,36.567,Wildfire,48dcd1c3-e791-49d8-9435-1b358027b318,https://osfm.fire.ca.gov/incidents/2021/9/10/knp-complex/,,,9/10/21,Y,FALSE,FALSE
Emigrant Fire,Y,2021-10-07T08:15:18Z,2021-09-17T13:34:00Z,Angeles National Forest ,,Los Angeles,"North Bound I-5 & Vista Del Lago Rd, Pyramid Lake ",,,,Angeles National Forest ,-118.760816,34.665169,Wildfire,3d2add8f-fc17-42d2-8cdc-884d40c0912c,https://osfm.fire.ca.gov/incidents/2021/9/17/emigrant-fire/,,,9/17/21,N,FALSE,FALSE
Childrens Fire,Y,2021-09-19T18:53:27Z,2021-09-19T11:40:00Z,CAL FIRE Madera-Mariposa-Merced Unit,,Madera,Childrens Blvd and Rio Mesa Blvd ,42,100,,,-119.792528,36.89365,Wildfire,f4be7c50-4b42-4534-90c7-82c52e4fa3cb,https://osfm.fire.ca.gov/incidents/2021/9/19/childrens-fire/,2021-09-19T18:53:21Z,9/19/21,9/19/21,N,TRUE,FALSE
University Fire,Y,2021-09-23T19:20:54Z,2021-09-22T11:27:08Z,San Bernardino City Fire,,San Bernardino,"I-215 and University Pkwy, San Bernardino",71,100,,San Bernardino City Fire,-117.333215,34.164501,Wildfire,e208c4a4-1477-4bfd-9fcd-c2d10271e617,https://osfm.fire.ca.gov/incidents/2021/9/22/university-fire/,2021-09-23T19:00:00Z,9/23/21,9/22/21,N,FALSE,FALSE
Fremont Fire,Y,2021-09-23T07:09:47Z,2021-09-22T14:25:00Z,CAL FIRE Sonoma-Lake-Napa Unit,,Napa,"Fremont Drive and Napa Road, Sonoma",116,100,,CAL FIRE Sonoma-Lake-Napa Unit ,-122.416983,38.269863,Wildfire,460ab87e-07e7-4931-8390-bd3fe60677b2,https://osfm.fire.ca.gov/incidents/2021/9/22/fremont-fire/,2021-09-23T07:09:40Z,9/23/21,9/22/21,N,FALSE,FALSE
Fremont Fire,Y,2021-09-23T07:09:47Z,2021-09-22T14:25:00Z,CAL FIRE Sonoma-Lake-Napa Unit,,Sonoma,"Fremont Drive and Napa Road, Sonoma",116,100,,CAL FIRE Sonoma-Lake-Napa Unit ,-122.416983,38.269863,Wildfire,460ab87e-07e7-4931-8390-bd3fe60677b2,https://osfm.fire.ca.gov/incidents/2021/9/22/fremont-fire/,2021-09-23T07:09:40Z,9/23/21,9/22/21,N,FALSE,FALSE
Fawn Fire,Y,2021-10-02T19:08:38Z,2021-09-22T16:45:00Z,CAL FIRE Shasta-Trinity Unit,,Shasta,"Fawndale Rd and Radcliff Rd, 5 miles northeast of Shasta Lake",8578,100,,"Cooperating Agencies: Shasta County Fire Department, Redding Fire Department, Shasta Lake Fire Protection District, Mountain Gate Fire Protection District, United States Forest Service, Shasta County Sheriff’s Office, California Department of Corrections and Rehabilitation, California Conservation Corps, California National Guard, California Governor’s Office of Emergency Services, American Red Cross, Redding Police Department, California Highway Patrol",-122.320243,40.729811,Wildfire,1052ac46-526c-4ca1-a75c-7e91920ee6cb,https://osfm.fire.ca.gov/incidents/2021/9/22/fawn-fire/,2021-10-02T18:53:52Z,10/2/21,9/22/21,N,FALSE,FALSE
Maxwell Fire,Y,2021-10-11T18:35:42Z,2021-10-05T15:34:31Z,CAL FIRE Shasta-Trinity Unit,,Trinity,"Maxwell Creek Rd and Clems Flat, west of Douglas City ",80,100,,,-123.02375,40.649917,Wildfire,ffb98e82-9a8a-44fe-9d91-45ce3db74ef5,https://osfm.fire.ca.gov/incidents/2021/10/5/maxwell-fire/,2021-10-11T18:35:31Z,10/11/21,10/5/21,N,TRUE,FALSE
View Fire ,Y,2021-10-12T18:16:20Z,2021-10-11T14:35:42Z,CAL FIRE Tehama-Glen Unit,,Tehama,"View Dr and Digger Pine Rd, Southwest of Cottonwood",24,100,,,-122.436754,40.287225,Wildfire,66eaca2a-9aa7-41cf-a850-88f963cbf723,https://osfm.fire.ca.gov/incidents/2021/10/11/view-fire/,2021-10-12T16:48:30Z,10/12/21,10/11/21,N,TRUE,FALSE
Kettle Fire,Y,2021-10-12T07:46:37Z,2021-10-11T18:43:59Z,Unified Command CAL FIRE and Kings County Fire,,Kings,"Highway 41 between Interstate 5 and Hwy 33, Southwest of Kettleman City. ",447,100,,,-119.960099,35.983649,Wildfire,23a7e559-d8b9-4333-bddc-ccf7cb2e7b3e,https://osfm.fire.ca.gov/incidents/2021/10/11/kettle-fire/,2021-10-12T07:46:08Z,10/12/21,10/11/21,N,TRUE,FALSE
Newell Fire,Y,2021-10-12T18:16:40Z,2021-10-11T20:02:23Z,CAL FIRE Sonoma Lake Napa Unit,,Napa,Newell Drive and Silver Oak Trail. ,132,100,,,-122.241128,38.170366,Wildfire,8622a38c-551f-4ef0-9b25-0d0280ace921,https://osfm.fire.ca.gov/incidents/2021/10/11/newell-fire/,2021-10-12T18:16:30Z,10/12/21,10/11/21,N,TRUE,FALSE
Alisal Fire,N,2021-10-12T08:05:39Z,2021-10-11T14:30:12Z,Unified Command Santa Barbara County Fire and Los Padres National Forest,,Santa Barbara,Northwest of Refugio Canyon near Hwy 101 along the Gaviota Coast,,,,"Santa Barbara County Fire, USFS - Los Padres National Forest",-120.136,34.553,Wildfire,de52a8d2-2c0e-4481-8d6c-9e4b7c2b9428,https://osfm.fire.ca.gov/incidents/2021/10/11/alisal-fire/,,,10/11/21,Y,FALSE,FALSE
Canal Fire ,N,2021-10-15T08:38:02Z,2021-10-14T16:49:00Z,CAL FIRE - Tehama-Glenn Unit,,Trinity,"Canal View Rd x Paskenta Rd,  northwest of Corning",59,100,,,-122.277441,39.986836,Wildfire,16f4a871-6b4e-493c-ada9-cff37913e521,https://osfm.fire.ca.gov/incidents/2021/10/14/canal-fire/,2021-10-15T08:37:57Z,10/15/21,10/14/21,N,TRUE,FALSE
Gravel Fire,Y,2021-10-17T08:52:22Z,2021-10-15T15:15:00Z,USFS - Modoc National Forest,,Modoc,"Highway 395 and Goose Lake, 27 Miles north of Alturas",200,100,,Modoc National Forest,-120.358206,41.862388,Wildfire,55df2f9c-3232-4643-970b-0286a1039507,https://osfm.fire.ca.gov/incidents/2021/10/15/gravel-fire/,2021-10-16T19:25:23Z,10/16/21,10/15/21,N,FALSE,FALSE
Estrada Fire,N,2021-10-18T18:27:29Z,2021-10-15T14:40:39Z,CZU,,Santa Cruz,Hazel Dell Road and Hidden Canyon.  Northwest of Watsonville,148,80,,,-121.752106,37.013464,Wildfire,5f34e7bc-b627-4baf-9e6e-ded2eec3c77a,https://osfm.fire.ca.gov/incidents/2021/10/15/estrada-fire/,,,10/15/21,Y,TRUE,FALSE